Workbook

Sheet Lists
A1: Story Status | B1: Priority | C1: Release | D1: AC Status | E1: Risk Status | F1: Test Cycle
A2: Not Started | B2: Must Have | C2: MVP | D2: Not Tested | E2: Open | F2: SIT
A3: In Progress | B3: Should Have | C3: R1 | D3: Pass | E3: Mitigating | F3: UAT
A4: Blocked | B4: Could Have | C4: Later | D4: Fail | E4: Accepted | F4: Regression
A5: In Review | D5: Blocked | E5: Closed
A6: Done | D6: Not Applicable
A7: Deferred
A8: Cancelled

Sheet Epics
A1: Epic ID | B1: Epic Name | C1: Description | D1: Priority | E1: Release | F1: Owner | G1: Status | H1: Target Sprint | I1: % Complete | J1: Notes
A2: EP-001 | B2: Registration & Authentication | C2: Account registration, approval, login, logout and password recovery. | D2: Must Have | E2: MVP | F2: Amaan | G2: Done | H2: Week 1 | I2: 100 | J2: Register/approve/login/logout/forgot+reset password/session-inactivity all implemented. Core auth path covered by e2e tests. | CRITICAL, found 2026-09-10: password-reset emails are actually rejected by Resend in production for any real user other than the Resend account owner (sandbox domain restriction, DEF-022, RISK-009). The reset-token mechanism itself is sound and Pass; email delivery of it is not, right now.
A3: EP-002 | B3: User & Role Administration | C3: User profiles, employee identifiers, roles, activation/suspension and department assignment. | D3: Must Have | E3: MVP | F3: Amaan | G3: Done | H3: Week 1 | I3: 100 | J3: All 24 ACs manually re-verified live in-browser/via API against the deployed Azure app, 2026-09-09. Found and fixed 2 real gaps: no UI existed to edit a user's name/email/phone/department/employee number after creation (built a new User Detail screen, SCR-013), and an HTML <select> at its default option ('None'/'Unassigned') silently failed validation with no visible error (empty string vs undefined/null) - also fixed the same-shaped blank-employeeNumber-uniqueness bug this exposed. Also live-confirmed the JwtStrategy fresh-DB-lookup design works in both directions (suspend blocks the very next request, reactivate restores it, no re-login needed either way). | Third SRS pass, 2026-09-10: confirmed only 2 roles exist (EMPLOYEE, ADMINISTRATOR) against the SRS's own §3 Stakeholders table naming a 3rd, read-only "Auditor / Management Viewer" persona (RISK-015). AC-002-004-01's own wording ("At minimum Employee and Administrator roles exist") technically permits just 2, so this is a narrative-level gap, not a failed AC.
A4: EP-003 | B4: Attendance Clock-In / Clock-Out | C4: Record the employee workday using authoritative clock-in and clock-out events. | D4: Must Have | E4: MVP | F4: Amaan | G4: Done | H4: Week 1 | I4: 100 | J4: Clock in/out, duplicate-clock-in guard (DB partial unique index), clock-out confirmation for active break/timer, history and live list. e2e + browser tested. | Manually re-verified live against the deployed Azure app, 2026-09-09, all 32 ACs, using a real disposable employee account and task. Found and fixed two real UI gaps: the attendance history page never exposed the date-range filter its own backend already supported (AC-003-007-03), and its Breaks column showed a raw count instead of the break total the AC asks for (AC-003-007-01); the admin Live Attendance table never showed a running duration alongside the clock-in time (AC-003-008-03). All three fixed, deployed, and re-verified live. Also freshly proved live: a genuine concurrent double clock-in race is correctly blocked by the DB unique constraint (only one of two simultaneous requests succeeds); break-and-clock-out and timer-and-clock-out confirmation flows close both records with identical timestamps; admin-only access to the org-wide live list is enforced (employee session gets 403, admin session gets 200).
A5: EP-004 | B5: Break Management | C5: Record start/end of breaks and exclude applicable break time from net working time. | D5: Must Have | E5: MVP | F5: Amaan | G5: Done | H5: Week 1 | I5: 100 | J5: Start/end break, auto-pause of active task timer on break start (BR-005), no auto-resume (BR-006), break report. e2e + browser tested. | Manually re-verified live against the deployed Azure app, 2026-09-09, all 24 ACs, using a real disposable employee account and task. Found and fixed two real gaps: SCR-006 'Attendance Day Detail / Timeline' - named in the SRS's own screen list but never built - so employees had no way to see individual break start/end/duration for a past day (AC-004-005-01/02); and the admin Breaks report had no employee filter despite the backend supporting one, and never showed daily totals alongside the individual break list (AC-004-006-01/02). All three built, deployed, and re-verified live. Also froze in real proof of: a genuine concurrent double break-start race correctly blocked by the same pattern as clock-in; a task timer paused by a break closing on the exact same server timestamp the break opens on; a paused task never auto-resuming on break-end without explicit user action; and a filtered CSV export containing exactly the same rows as the filtered on-screen JSON, not a separate unfiltered query.
A6: EP-005 | B6: Task Management | C6: Create, assign, prioritise, update and complete tasks used for professional time allocation. | D6: Must Have | E6: MVP | F6: Amaan | G6: Done | H6: Week 1 | I6: 100 | J6: Create/assign/priority/estimate/status transitions/my task list all implemented and tested. | Manually re-verified live against the deployed Azure app, 2026-09-09, all 32 ACs, using a real disposable employee account and several real tasks. Found and fixed four real gaps: dueDate existed in the schema and displayed on lists/detail but had no form anywhere to set it; the employee My Tasks page showed the New Task button/form unconditionally regardless of the employeesCanCreateTasks setting (only enforced server-side); neither task list exposed a priority filter despite the backend supporting one, and the employee list had no status filter either; and the list endpoints never computed actualMinutes per row, only the single-task detail endpoint did, so 'actual time' was invisible on both lists. Also built a real admin task-edit form (reassign/priority/estimate/due date) on Task Detail, since PATCH /tasks/:id already supported all of it and reassignment already triggers a notification (EP-011) but there was no UI to use it after creation. Also froze in real proof of: reassignment never rewriting historical task-time ownership; an active timer correctly blocking completion; a completed/cancelled task correctly blocking new timers until reopened; and a completed task remaining fully visible in historical task-time reports.
A7: EP-006 | B7: Task Time Tracking | C7: Run a live server-authoritative timer against a task with pause, resume, stop and switch behaviour. | D7: Must Have | E7: MVP | F7: Amaan | G7: Done | H7: Week 1 | I7: 100 | J7: Start/pause/resume/stop/switch with DB-enforced single-active-timer (BR-003), global timer bar, daily log endpoint. e2e + browser tested. | Manually re-verified live against the deployed Azure app, 2026-09-09, all 40 ACs, using a real disposable employee account and two real tasks. No new gaps found this pass - the timer engine (start/pause/resume/stop/switch) was already solid. Froze in strong real evidence throughout: a genuine concurrent double-start race correctly blocked (same DB-constraint pattern as attendance/breaks); a task switch closing the old segment and opening the new one at a byte-identical server timestamp; the elapsed-time display proven to be pure client-side ticking with zero per-second network calls, yet correctly reconstructed from stored timestamps after a hard page reload; and both positive and negative estimate-vs-actual variance shown clearly on real data (+0h 2m red over-estimate, -2h 0m green under-estimate) with an estimate edit proven not to retroactively affect already-logged actual time.
A8: EP-007 | B8: Attendance & Task-Time Reconciliation | C8: Compare net attendance time with task time and identify unallocated working time. | D8: Must Have | E8: MVP | F8: Amaan | G8: Done | H8: Week 1 | I8: 100 | J8: Net working / task / unallocated time formulas match the SRS worked example exactly (unit-tested). Daily timeline and data-quality exception flag implemented. | Manually re-verified live against the deployed Azure app, 2026-09-09, all 20 ACs, using a real disposable employee account. Found and fixed one real gap: the daily timeline never gave unallocated gaps any visual treatment at all (AC-007-005-03) - added client-side gap computation and rendered them as distinct dashed 'Unallocated' entries, verified live with a real 12-minute gap. Also proved the whole data-quality-exception lifecycle end-to-end for the first time with genuine triggers rather than unit tests alone: approved a real correction that shrank a session below its own task time, watched dataQualityException flip true in the live admin Reports UI, confirmed the system never silently altered the original TaskTimeEntry, then approved a second corrective correction and watched the exception clear back to false.
A9: EP-008 | B9: Employee & Administrator Dashboards | C9: Provide simple live views of attendance, breaks, tasks and current activity. | D9: Must Have | E9: MVP | F9: Amaan | G9: Done | H9: Week 1 | I9: 100 | J9: My Day and Admin dashboards, live attendance table, task-status KPIs all implemented. Mobile-breakpoint QA pass (US-008-005) completed: found and fixed a real gap (no mobile nav existed at all at 375px width) and verified all 4 ACs pass. | Manually re-verified live against the deployed Azure app, 2026-09-09, all 20 ACs, using real disposable employee accounts and a real genuine mobile viewport (375px, not just a resized desktop window). Found and fixed two real bugs: a user deactivated mid-session kept showing up in Live Attendance indefinitely as 'Working' because getLive() never filtered by the user's current account status; and the header carrying the live timer/clock state used min-h-screen instead of h-screen, so it scrolled out of view on any page tall enough to need scrolling - invisible on typical desktop content but immediately obvious at mobile width where pages stack much taller. Both fixed, deployed, and re-verified live with real before/after evidence, including a screenshot proof of the timer bar staying pinned while scrolling after the fix.
A10: EP-009 | B10: Corrections, Approvals & Audit | C10: Allow controlled corrections to attendance/task time while preserving a full audit trail. | D10: Must Have | E10: MVP | F10: Amaan | G10: Done | H10: Week 1 | I10: 100 | J10: Request/approve/reject, admin direct correction, and audit log all implemented; originals preserved until approval (BR-012). e2e tested. | Manually re-verified live against the deployed Azure app, 2026-09-09, all 20 ACs, using a real disposable employee account. Found and fixed three real gaps, one of them a genuine correctness bug, not just a missing UI: (1) decide() only ran the overlap check when a correction had both proposedStart and proposedEnd set, so the realistic single-boundary case ('I forgot to stop my timer') skipped validation entirely - proved live by approving a corrupting correction before the fix, then proving the identical scenario correctly rejected after it; (2) US-009-003 (request a task-time correction) had no frontend at all, hardcoded to ATTENDANCE_SESSION only; (3) US-009-004 (admin corrects records directly) had a fully-built, audited backend endpoint with zero UI and no way to even look up another user's record ids - built a new admin history endpoint and a full direct-correction UI, verified end-to-end on a real record. Also added a visible reason-length hint (previously silently enforced) and a decision-comment field on the admin review screen that the backend always accepted but no form ever sent. | Third SRS pass, 2026-09-10: US-009-005's own Persona is "Auditor", a role that doesn't actually exist in the system (RISK-015) - its 4 ACs are satisfied via admin-gated access instead, which is functionally fine but not literally what the persona describes.
A11: EP-010 | B11: Reports & Export | C11: Attendance, break, task and utilisation reports with filter and export capabilities. | D11: Should Have | E11: MVP | F11: Amaan | G11: Done | H11: Week 1 | I11: 100 | J11: All 20 ACs re-verified via live API tests against the deployed Azure app (plus in-browser verification for the two UI-only ACs and one direct-DB test for the data-quality exception flag). Found and fixed 2 real gaps: the attendance summary/drill-down view (US-010-002) did not exist at all, and the unallocated-report zero-day include/exclude toggle (AC-010-004-02) did not exist at all. Both fixed, redeployed, and live-verified. CSV exports also gained the title/period/generated-timestamp metadata XLSX already had (AC-010-005-03). | Manually re-verified live against the deployed Azure app, 2026-09-09, all 20 ACs. No new gaps found this pass - the prior session's automated fixes (employee-summary drill-down, hide-zero-unallocated toggle, CSV metadata) all held up under fresh live browser testing. Notably, two real data artifacts from this session's own EP-005/EP-009 testing (a genuinely still-open attendance session, and a genuine task-time-exceeds-session data-quality exception) surfaced naturally and correctly in the live reports without needing to be specially constructed - real, organic proof that incomplete-record flagging and exception detection work end-to-end on real data, not just contrived test cases.
A12: EP-011 | B12: Notifications & Reminders | C12: Operational reminders for missing clock-out, incomplete task time and assigned tasks. | D12: Should Have | E12: R1 | F12: Amaan | G12: Done | H12: Week 1 | I12: 100 | J12: Built and deployed: a durable in-app Notification model + bell/dropdown UI for task assignment (deduped, identifies task+assigner), a @Cron reminder scan every 5 minutes for missing clock-out / long-running timer (configurable cooldown) / unallocated time (configurable cutoff), a new /admin/settings page for all the thresholds, and a shared EmailService (Resend) used both by the new email-notification toggle and to finally send real password-reset emails (previously only logged server-side). All 16 ACs verified live against the deployed Azure app - including waiting for the real production cron tick (not a manual trigger) to pick up seeded past-threshold data and create all 3 reminder types plus their audit log entries. Also unblocks AC-005-003-04. | Manually re-verified live against the deployed Azure app, 2026-09-09, all 16 ACs, using a real disposable employee account and a real running task timer. Unlike the original build session's verification (which relied heavily on code review and a couple of manually-seeded/local checks), this pass proved the real 5-minute production cron firing entirely on its own schedule for two different reminder types, live: MISSING_CLOCK_OUT at 23:45:00 UTC for two genuinely still-open sessions, and LONG_RUNNING_TIMER at 23:55:00 UTC for a real running timer - both by temporarily lowering thresholds through the real admin Settings screen, not by seeding data with a manual trigger. This live approach surfaced a genuine bug the original verification missed entirely: applyCorrection() never transitioned a record's own status field when setting an end/endAt, so a correction-adjusted attendance session kept matching the missing-clock-out scan's query forever - caught only because the real cron fired an incorrect reminder for a session that already had a genuine correction-applied clock-out. Fixed for all three correction target types (attendance sessions, breaks, task time entries), re-verified live post-deploy with a fresh cron tick. Also found and fixed, in passing, a genuine task-creation bug present since EP-005: leaving Estimated minutes blank on the real create-task form failed with a NaN validation error - the first time all session a real browser form submission (rather than a direct API call) exercised that exact path.
A13: EP-012 | B13: Security, Reliability & Operations | C13: Security controls, observability, backup, performance and production readiness. | D13: Must Have | E13: MVP | F13: Amaan | G13: Done | H13: Week 1 | I13: 100 | J13: All 24 ACs now re-verified with real evidence: US-012-001 (password security) and US-012-003 (server-timestamp integrity) via targeted code review, US-012-002 (RBAC) via live tests against 5 representative admin-only endpoints plus an anonymous-request check, AC-012-004-04 (alerting) via a live az CLI check confirming the Application Insights alert rule is enabled and wired to its action group. US-012-004/005/006 (observability, backups, CI/CD) were already verified with real evidence earlier in the sign-off effort and are unchanged. | Manually re-verified live against the deployed Azure app, 2026-09-09, all 24 ACs, as the final epic of the full 300-AC live re-verification effort (EP-001 through EP-012). Unlike the prior pass over this epic (which closed the epic out at 283/300 Pass with EP-011 still defined as a deferred mobile app), this pass runs against the CURRENT deployed code after EP-011 was rebuilt this session as a real Notifications & Reminders epic and EP-009/EP-010 picked up real fixes - so RBAC coverage was extended to the two admin-only endpoints EP-009 added this session (GET /attendance/admin/history, POST /corrections/direct), tested live against a real disposable employee account and correctly blocked with 403. Also froze fresh evidence for the CI/CD traceability AC: expanded the real docker-build job log and confirmed the built image tag is literally the commit SHA (atms-api:6541337d74089a04b8bedb5b6729197ec17e2150), and cross-checked deploy.yml to confirm the same SHA is what actually gets pushed to ACR and deployed to the Container App. Password hashing, timestamp-integrity and observability code paths were re-grepped against the current commit and found unchanged, so those were re-confirmed as code-verified rather than re-tested from scratch. Backup restore was NOT re-drilled this pass (judgment call: a full restore drill was already executed and documented live on 2026-09-08 in docs/BACKUP_AND_RESTORE.md, and re-running one against production carries real risk disproportionate to re-confirming an unchanged, already-proven procedure) - live-confirmed instead that the backup configuration itself (14-day retention) is still active. This closes out the full 300-AC sign-off sweep at 300/300 Pass. | Second full SRS re-read, 2026-09-10, section by section against the current repo, found 5 more real gaps beyond the tracker's 300 ACs (RISK-010 through RISK-014): no Playwright browser E2E automation, no DST-boundary test, no separate Staging environment, the OpenAPI spec isn't validated in CI, and the database connection isn't on a least-privilege role. None of these are fabricated - each traces to a specific SRS line, confirmed by direct text search plus a matching code/infra check, not assumed. Also worth stating plainly: the SRS's own Definition of Done (§17.2) says "no unresolved Critical/High security defect," which is not strictly true right now given the 4 Critical + 30 High Dependabot findings tracked in RISK-008 - the practical exposure was assessed as low and documented, but under a literal reading of the SRS's own exit criteria this remains open, not resolved.

Sheet User Stories
A1: Story ID | B1: Epic ID | C1: Title | D1: Persona | E1: User Story | F1: AC Count | G1: Dependencies | H1: Owner | I1: Priority | J1: Release | K1: Sprint | L1: Status | M1: Estimate Points | N1: Dev Notes | O1: QA Notes
A2: US-001-001 | B2: EP-001 | C2: Register a new account | D2: Employee | E2: As a new user, I want to register an account so that I can use the attendance system. | F2: 4 | G2: None | H2: Amaan | I2: Must Have | J2: MVP | K2: Week 1 | L2: Done | M2: 3 | N2: Implemented and functionally working; not individually covered by an automated test this session. | O2: All 4 ACs manually re-verified live against the deployed Azure app, 2026-09-09, and Pass. No defects found for this story.
A3: US-001-002 | B3: EP-001 | C3: Approve pending registration | D3: Administrator | E3: As an administrator, I want to approve a pending registration so that only authorised staff gain access. | F3: 4 | G3: US-001-001 | H3: Amaan | I3: Must Have | J3: MVP | K3: Week 1 | L3: Done | M3: 3 | N3: Verified by e2e test: pending queue visible to admin, approval activates account and records approver/date. | O3: All 4 ACs manually re-verified live against the deployed Azure app, 2026-09-09, and Pass. No defects found for this story.
A4: US-001-003 | B4: EP-001 | C4: Login | D4: Employee | E4: As a registered user, I want to sign in securely so that I can access my attendance and tasks. | F4: 4 | G4: US-001-001, US-001-002 | H4: Amaan | I4: Must Have | J4: MVP | K4: Week 1 | L4: Done | M4: 3 | N4: Verified by e2e test: pending/inactive accounts blocked; active accounts authenticate via HttpOnly cookies. | O4: All 4 ACs manually re-verified live against the deployed Azure app, 2026-09-09, and Pass. No defects found for this story.
A5: US-001-004 | B5: EP-001 | C5: Logout | D5: Employee | E5: As a user, I want to log out so that my account is not left accessible on a shared device. | F5: 4 | G5: US-001-003 | H5: Amaan | I5: Must Have | J5: MVP | K5: Week 1 | L5: Done | M5: 3 | N5: Verified by e2e test: logout revokes refresh token, subsequent /auth/refresh returns 401. | O5: All 4 ACs manually re-verified live against the deployed Azure app, 2026-09-09, and Pass. No defects found for this story.
A6: US-001-005 | B6: EP-001 | C6: Forgot password | D6: Employee | E6: As a user, I want to request a password reset so that I can regain account access. | F6: 4 | G6: US-001-001 | H6: Amaan | I6: Must Have | J6: MVP | K6: Week 1 | L6: Done | M6: 3 | N6: Implemented and functionally working; not individually covered by an automated test this session. | O6: All 4 ACs Pass for the reset-token mechanism itself (works correctly, verified via local dev's devResetToken field since production never exposes the raw token, by design). CRITICAL CAVEAT found live 2026-09-10, DEF-022: the actual email carrying that link is REJECTED by Resend in production for any recipient other than the Resend account's own verified address - confirmed via a real forgot-password request and the resulting server log entry, not assumed. A real user cannot currently receive a password-reset email in production. See RISK-009.
A7: US-001-006 | B7: EP-001 | C7: Reset password | D7: Employee | E7: As a user, I want to set a new password using a valid reset link. | F7: 4 | G7: US-001-005 | H7: Amaan | I7: Must Have | J7: MVP | K7: Week 1 | L7: Done | M7: 3 | N7: Implemented and functionally working; not individually covered by an automated test this session. | O7: All 4 ACs manually re-verified live against the deployed Azure app, 2026-09-09, and Pass. No defects found for this story.
A8: US-001-007 | B8: EP-001 | C8: Session timeout | D8: Security Administrator | E8: As a security administrator, I want inactive sessions to expire so that unattended devices do not remain authenticated. | F8: 4 | G8: US-001-003 | H8: Amaan | I8: Must Have | J8: MVP | K8: Week 1 | L8: Done | M8: 3 | N8: Backend session-timeout mechanism and frontend expired-session messaging both verified working live, 2026-09-08 (see AC-001-007-03/04 evidence). The frontend gap found during AC sign-off is now fixed and re-verified against the live deployment. | O8: All 4 ACs manually re-verified live against the deployed Azure app, 2026-09-09, and Pass. No defects found for this story.
A9: US-002-001 | B9: EP-002 | C9: Create user administratively | D9: Administrator | E9: As an administrator, I want to create a user directly so that employees can be onboarded without self-registration. | F9: 4 | G9: US-001-001 | H9: Amaan | I9: Must Have | J9: MVP | K9: Week 1 | L9: Done | M9: 3 | N9: Implemented and functionally working; not individually covered by an automated test this session. | O9: All 4 ACs manually re-verified live against the deployed Azure app, 2026-09-09, and Pass. No defects found for this story.
A10: US-002-002 | B10: EP-002 | C10: Edit user profile | D10: Administrator | E10: As an administrator, I want to edit user details so that records remain accurate. | F10: 4 | G10: US-002-001 | H10: Amaan | I10: Must Have | J10: MVP | K10: Week 1 | L10: Done | M10: 3 | N10: Implemented and functionally working; not individually covered by an automated test this session. | O10: All 4 ACs manually re-verified live against the deployed Azure app, 2026-09-09, and Pass. 1 real defect(s) found and fixed during testing: AC-002-002-01 (DEF-001): No UI existed to edit a user's name, email, phone, department or employee number after creation, despite the backend fully supporting it - built the missing User Detail screen (SCR-013).
A11: US-002-003 | B11: EP-002 | C11: Manage my profile | D11: Employee | E11: As an employee, I want to update permitted profile information so that contact details remain current. | F11: 4 | G11: US-001-003 | H11: Amaan | I11: Must Have | J11: MVP | K11: Week 1 | L11: Done | M11: 3 | N11: Implemented and functionally working; not individually covered by an automated test this session. | O11: All 4 ACs manually re-verified live against the deployed Azure app, 2026-09-09, and Pass. No defects found for this story.
A12: US-002-004 | B12: EP-002 | C12: Assign role | D12: Administrator | E12: As an administrator, I want to assign Employee or Administrator roles so that permissions match responsibilities. | F12: 4 | G12: US-002-001 | H12: Amaan | I12: Must Have | J12: MVP | K12: Week 1 | L12: Done | M12: 3 | N12: Implemented and functionally working; not individually covered by an automated test this session. | O12: All 4 ACs manually re-verified live against the deployed Azure app, 2026-09-09, and Pass. No defects found for this story.
A13: US-002-005 | B13: EP-002 | C13: Activate suspend deactivate user | D13: Administrator | E13: As an administrator, I want to control account status so that access can be removed without deleting history. | F13: 4 | G13: US-002-001 | H13: Amaan | I13: Must Have | J13: MVP | K13: Week 1 | L13: Done | M13: 3 | N13: Implemented and functionally working; not individually covered by an automated test this session. | O13: All 4 ACs manually re-verified live against the deployed Azure app, 2026-09-09, and Pass. No defects found for this story.
... A76: US-012-006 | B76: EP-012 | C76: CI/CD quality gates | D76: Release Manager | E76: As a release manager, I want automated build, test and security gates so that defective releases are less likely to reach production. | F76: 4 | G76: None | H76: Amaan | I76: Must Have | J76: MVP | K76: Week 1 | L76: Done | M76: 3 | N76: GitHub Actions CI (lint, unit, e2e, both builds, both Docker images) is green on every push. A separate manual-trigger deploy workflow builds/pushes images and updates Azure Container Apps once repo secrets are configured (see DEPLOYMENT.md). | O76: All 4 ACs manually re-verified live against the deployed Azure app, 2026-09-09, and Pass. No defects found for this story.

Sheet Acceptance Criteria
A1: AC ID | B1: Story ID | C1: Epic ID | D1: Acceptance Criterion | E1: Test Case ID | F1: Test Status | G1: Evidence / Link | H1: Defect ID | I1: Tester | J1: Test Cycle | K1: Comments
A2: AC-001-001-01 | B2: US-001-001 | C2: EP-001 | D2: Registration captures first name, surname, email, phone number and password. | F2: Pass | I2: Claude (AI Engineer) | J2: SIT | K2: Live test 2026-09-08: registered with distinct field values, confirmed via admin GET /users?status=PENDING that firstName/surname/phoneNumber/email all persisted exactly as submitted (register response itself only returns id/email/status by design, so persistence was checked directly, not via the response echo). | Manually re-verified live in-browser on the deployed Azure app, 2026-09-09 (driven step-by-step, observed directly) - confirmed.
A3: AC-001-001-02 | B3: US-001-001 | C3: EP-001 | D3: Email address must be unique and valid. | F3: Pass | I3: Claude (AI Engineer) | J3: SIT | K3: Live test 2026-09-08: invalid email format (not-an-email) -> 400 field error; duplicate email -> 409 (existing e2e test). | Manually re-verified live in-browser on the deployed Azure app, 2026-09-09 (driven step-by-step, observed directly) - confirmed.
A4: AC-001-001-03 | B4: US-001-001 | C4: EP-001 | D4: Password must meet configured password policy. | F4: Pass | I4: Claude (AI Engineer) | J4: SIT | K4: Live test 2026-09-08: POST /auth/register with password "weak" -> 400, field errors listing the unmet policy rules. | Manually re-verified live in-browser on the deployed Azure app, 2026-09-09 (driven step-by-step, observed directly) - confirmed.
A5: AC-001-001-04 | B5: US-001-001 | C5: EP-001 | D5: Successful registration creates a user with the configured initial status (Pending or Active). | F5: Pass | I5: Claude (AI Engineer) | J5: SIT | K5: Live test 2026-09-08: default register -> PENDING. Code-confirmed (auth.service.ts): status = settings.requireRegistrationApproval ? PENDING : ACTIVE, so the ACTIVE branch is a real, reachable code path, not just PENDING. | Manually re-verified live in-browser on the deployed Azure app, 2026-09-09 (driven step-by-step, observed directly) - confirmed.
A6: AC-001-002-01 | B6: US-001-002 | C6: EP-001 | D6: Pending users are visible in an administrator queue. | F6: Pass | I6: Claude (AI Engineer) | J6: SIT | K6: Existing e2e test: GET /users?status=PENDING returns exactly the newly-registered pending user. | Manually re-verified live in-browser on the deployed Azure app, 2026-09-09 (driven step-by-step, observed directly) - confirmed.
A7: AC-001-002-02 | B7: US-001-002 | C7: EP-001 | D7: Only authorised administrators can approve or reject. | F7: Pass | I7: Claude (AI Engineer) | J7: SIT | K7: Live test 2026-09-08: unauthenticated attempt to POST /users/:id/approve -> 401. Endpoint also carries @Roles(ADMINISTRATOR) guard, same mechanism directly proven by the existing RBAC e2e tests on other admin routes. | Manually re-verified live in-browser 2026-09-09: logged in as a real employee and navigated directly to /admin/users by URL. Confirmed GET /users -> 403 server-side (RBAC correctly enforced, no admin data reaches the employee). FINDING (UX, not a security defect): the page itself renders an empty table with no rows and no message, rather than a clear 'you don't have access' notice - a non-admin hitting an admin route directly sees a confusing blank screen instead of being told why. Not fixed yet; flagged for a follow-up pass.
A8: AC-001-002-03 | B8: US-001-002 | C8: EP-001 | D8: Approval activates the user and records approver/date. | F8: Pass | I8: Claude (AI Engineer) | J8: SIT | K8: Live test 2026-09-08: admin approve response includes status=ACTIVE, approvedById=<admin user id>, approvedAt=<real timestamp>. | Manually re-verified live in-browser on the deployed Azure app, 2026-09-09 (driven step-by-step, observed directly) - confirmed.
A9: AC-001-002-04 | B9: US-001-002 | C9: EP-001 | D9: Rejected users cannot sign in unless later reactivated. | F9: Pass | I9: Claude (AI Engineer) | J9: SIT | K9: Live test 2026-09-08: rejected user login -> 401; after admin reactivation (status=ACTIVE) -> 200. | Manually re-verified live in-browser on the deployed Azure app, 2026-09-09 (driven step-by-step, observed directly) - confirmed.
A10: AC-001-003-01 | B10: US-001-003 | C10: EP-001 | D10: Login accepts email and password. | F10: Pass | I10: Claude (AI Engineer) | J10: SIT | K10: Live test 2026-09-08: POST /auth/login with email+password -> 200 (also existing e2e coverage). | Manually re-verified live in-browser on the deployed Azure app, 2026-09-09 (driven step-by-step, observed directly) - confirmed.
A11: AC-001-003-02 | B11: US-001-003 | C11: EP-001 | D11: Invalid credentials return a generic error. | F11: Pass | I11: Claude (AI Engineer) | J11: SIT | K11: Live test 2026-09-08: wrong-password and nonexistent-email logins return identical 401 "Invalid email or password" - no account-existence leak. | Manually re-verified live in-browser on the deployed Azure app, 2026-09-09 (driven step-by-step, observed directly) - confirmed.
A12: AC-001-003-03 | B12: US-001-003 | C12: EP-001 | D12: Successful login creates an authenticated session using secure cookies/tokens. | F12: Pass | I12: Claude (AI Engineer) | J12: SIT | K12: Live test 2026-09-08: login Set-Cookie headers confirmed atms_access and atms_refresh both HttpOnly; Secure; SameSite=None. | Manually re-verified live in-browser on the deployed Azure app, 2026-09-09 (driven step-by-step, observed directly) - confirmed.
A13: AC-001-003-04 | B13: US-001-003 | C13: EP-001 | D13: Inactive, suspended or rejected accounts cannot access protected screens. | F13: Pass | I13: Claude (AI Engineer) | J13: SIT | K13: Live test 2026-09-08: login attempt against a SUSPENDED account -> 401 "Account is suspended" (existing e2e test covers PENDING specifically; this covers SUSPENDED). | Manually re-verified live in-browser on the deployed Azure app, 2026-09-09 (driven step-by-step, observed directly) - confirmed.
... A17: AC-001-004-04 | B17: US-001-004 | C17: EP-001 | D17: Logout does not alter attendance or task timer records. | F17: Pass | I17: Claude (AI Engineer) | J17: SIT | K17: Live test 2026-09-08: attendance session id, active timer id, and state identical before logout and after re-login. | Manually re-verified live in-browser on the deployed Azure app, 2026-09-09 (driven step-by-step, observed directly) - confirmed.
A18: AC-001-005-01 | B18: US-001-005 | C18: EP-001 | D18: User can submit an email address for reset. | F18: Pass | H18: DEF-022 | I18: Claude (AI Engineer) | J18: SIT | K18: Live test 2026-09-08: POST /auth/forgot-password with a real registered email -> 200. | Manually re-verified live 2026-09-09 against production: submitted a real registered email, got the generic accepted response. EXCEPTION: could not observe the actual reset-password page/token from production itself - as of the token-logging fix (commit 3b7c286), the raw token is deliberately never exposed in production (no log, no response field), which is correct/intended behaviour, not a defect. To manually exercise the rest of the reset flow (US-001-005/006), switched to the local dev environment (NODE_ENV != production), where forgotPassword's response includes a devResetToken field specifically for this purpose. Local dev and production run identical code; only the environment-gated devResetToken field differs. | CRITICAL FINDING, live-confirmed 2026-09-10: triggered a real forgot-password request against production for employee@atms.app and checked the actual server log (Azure Log Analytics, not just the API's 200 response). Resend genuinely REJECTED the email: "[validation_error] You can only send testing emails to your own email address (rasheeed0020@gmail.com). To send emails to other recipients, please verify a domain at resend.com/domains, and change the `from` address to an email using this domain." The API still returns 200 "If that email is registered, a reset link has been sent" regardless (correct security behaviour - never reveal delivery failure to the requester - but it means this was silently broken for every prior AC check that only looked at the HTTP response, not actual delivery). In production, devResetToken is deliberately never exposed (correct), so there is currently NO way for any real user other than the Resend account owner to actually receive a password-reset link. This is DEF-022, and it is an active, confirmed-broken production flow, not a latent risk - fixing it requires verifying a real domain in Resend (see RISK-009).
A19: AC-001-005-02 | B19: US-001-005 | C19: EP-001 | D19: Response does not reveal whether an account exists. | F19: Pass | I19: Claude (AI Engineer) | J19: SIT | K19: Live test 2026-09-08: response body identical (status + message) for a real vs a nonexistent email. | Manually re-verified live 2026-09-09 against production: identical generic message for a real vs nonexistent email, confirmed via the actual UI. Note: local dev's devResetToken field is present only for an email that matches a real account, so strictly speaking dev-mode responses DO differ by existence - this is an intentional, environment-gated exception to the non-disclosure guarantee (see auth.service.ts comment on forgotPassword) and never runs in production.
A20: AC-001-005-03 | B20: US-001-005 | C20: EP-001 | D20: Reset link/token expires after a configured period. | F20: Pass | I20: Claude (AI Engineer) | J20: SIT | K20: Live test 2026-09-08: a token seeded with expiresAt in the past is rejected with "Reset link is invalid or has expired". TTL is 1 hour (RESET_TOKEN_TTL_MS, auth.service.ts). | Manually re-verified 2026-09-09: obtained a real reset token via local dev's devResetToken (see AC-001-005-01 note on why production itself couldn't be used for this step), used it successfully once, confirmed a second use is rejected. 1-hour expiry itself confirmed by code (RESET_TOKEN_TTL_MS), not by waiting an hour live.
A21: AC-001-005-04 | B21: US-001-005 | C21: EP-001 | D21: A used or expired reset token cannot be reused. | F21: Pass | I21: Claude (AI Engineer) | J21: SIT | K21: Live test 2026-09-08: same token used successfully once (200), reused immediately after -> 400 invalid/expired. | Manually re-verified live 2026-09-09 (local dev, see AC-001-005-01 note): completed a reset with a real token, then immediately retried the same token on the actual reset-password page - UI showed 'Reset link is invalid or has expired'.
A22: AC-001-006-01 | B22: US-001-006 | C22: EP-001 | D22: New password must satisfy password policy. | F22: Pass | I22: Claude (AI Engineer) | J22: SIT | K22: Live test 2026-09-08: reset with a weak new password -> 400 with the specific unmet policy rules. | Manually re-verified live 2026-09-09 (local dev, see AC-001-005-01 note): entered a weak new password on the actual reset-password page - UI showed 'Password must be at least 10 characters'.
A23: AC-001-006-02 | B23: US-001-006 | C23: EP-001 | D23: New and confirmation passwords must match. | F23: Pass | I23: Claude (AI Engineer) | J23: SIT | K23: Live test 2026-09-08: reset with mismatched confirmPassword -> 400 "Passwords do not match". | Manually re-verified live 2026-09-09 (local dev, see AC-001-005-01 note): entered mismatched new/confirm passwords on the actual reset-password page - UI showed 'Passwords do not match'.
A24: AC-001-006-03 | B24: US-001-006 | C24: EP-001 | D24: Successful reset invalidates the reset token. | F24: Pass | I24: Claude (AI Engineer) | J24: SIT | K24: Live test 2026-09-08: same evidence as AC-001-005-04 - a successful reset immediately invalidates its own token. | Manually re-verified live 2026-09-09 (local dev, see AC-001-005-01 note): completed a reset, confirmed the new password logs in successfully, then confirmed the same token is rejected if reused.
A25: AC-001-006-04 | B25: US-001-006 | C25: EP-001 | D25: Existing sessions may be revoked according to security policy. | F25: Pass | I25: Claude (AI Engineer) | J25: SIT | K25: Live test 2026-09-08: a refresh token captured before a password reset is rejected (401 "Session expired") when used after the reset. | Manually re-verified live 2026-09-09 (local dev, see AC-001-005-01 note): held an active logged-in session, triggered a second reset for the same account while that session was still open, then called POST /auth/refresh with the pre-reset session's own cookie directly - got 401 'Session expired, please log in again', confirming the reset genuinely revoked the earlier session rather than just changing the password.
A26: AC-001-007-01 | B26: US-001-007 | C26: EP-001 | D26: Inactivity timeout is configurable. | F26: Pass | I26: Claude (AI Engineer) | J26: SIT | K26: Verified by e2e test: threshold is read from AppSettings.sessionInactivityTimeoutMinutes, confirmed configurable. | Manually re-verified live in-browser on the deployed Azure app, 2026-09-09 (driven step-by-step, observed directly) - confirmed.
A27: AC-001-007-02 | B27: US-001-007 | C27: EP-001 | D27: Expired sessions require login again. | F27: Pass | I27: Claude (AI Engineer) | J27: SIT | K27: Verified by e2e test: expired-by-inactivity refresh token is rejected with 401. | Manually re-verified live in-browser on the deployed Azure app, 2026-09-09 (driven step-by-step, observed directly) - confirmed.
A28: AC-001-007-03 | B28: US-001-007 | C28: EP-001 | D28: Session expiry does not stop or modify authoritative attendance/task records. | F28: Pass | I28: Claude (AI Engineer) | J28: SIT | K28: Live test 2026-09-08: refresh token backdated 31 minutes past the 30-minute inactivity window is rejected, and the underlying attendance record is unchanged (checked via admin, a separate unaffected session). | Manually re-verified live in-browser on the deployed Azure app, 2026-09-09 (driven step-by-step, observed directly) - confirmed.
A29: AC-001-007-04 | B29: US-001-007 | C29: EP-001 | D29: User receives a clear expired-session message. | F29: Pass | I29: Claude (AI Engineer) | J29: SIT | K29: Fixed and verified live, 2026-09-08. First fix attempt (dc11743, in-memory ref) failed live verification: a fresh full-page navigation after simulated expiry showed no message - the ref is empty on first render after a reload, which is the realistic case (reopening the tab), not just an edge case. Corrected to sessionStorage (31d9d1e), which survives a full reload within the same tab. Re-verified by temporarily setting JWT_ACCESS_TTL=8s on the live API, confirming the real banner ("Your session has expired. Please log in again.") appears on a genuine fresh navigation after expiry, AND that a normal deliberate logout still shows the plain login page (no false positive). TTL reverted immediately after. | Manually re-verified live 2026-09-09: to trigger a real (not simulated) expiry without waiting the full inactivity window, temporarily restarted local dev with JWT_ACCESS_TTL=5s, logged in fresh, backdated that session's RefreshToken.lastUsedAt by 40 minutes directly in the database, waited 6 seconds for the short-lived access token to lapse naturally, then reloaded the page - the app redirected to /login and showed 'Your session has expired. Please log in again.' exactly as designed.
A30: AC-002-001-01 | B30: US-002-001 | C30: EP-002 | D30: Administrator can enter required identity/contact fields. | F30: Pass | I30: Claude (AI Engineer) | J30: SIT | K30: Live test 2026-09-08: admin POST /users with full identity/contact fields -> 201, all fields persisted exactly as submitted. | PASS - manually re-verified live in-browser on the deployed Azure app, 2026-09-09: Create User form has First name, Surname, Email, Phone number, Role and Department fields; submitted a real user and confirmed it appears in the list with exactly those values.
... A33: AC-002-001-04 | B33: US-002-001 | C33: EP-002 | D33: Creation is audited. | F33: Pass | I33: Claude (AI Engineer) | J33: SIT | K33: Live test 2026-09-08: GET /audit contains a USER_CREATED entry with the new user's id as targetId. | PASS - manually re-verified live: audit log shows USER_CREATED with actor 'System Administrator' and the real timestamp immediately after creating a user through the UI.
A34: AC-002-002-01 | B34: US-002-002 | C34: EP-002 | D34: Administrator can edit permitted profile fields. | F34: Pass | H34: DEF-001 | I34: Claude (AI Engineer) | J34: SIT | K34: Live test 2026-09-08: admin PATCH /users/:id {firstName, phoneNumber} -> 200, both fields updated. | PASS (after a real fix) - manually testing this live surfaced a genuine gap: admin/users only ever wired up role and status changes; there was no UI at all to edit a user's name, email, phone, department or employee number, even though PATCH /users/:id already fully supported it. Built a new User Detail screen (/admin/users/[id], SCR-013) with a real edit form for all of these fields, linked from each user's name in the list. Verified live: edited phone number and employee number through the actual UI, reloaded the page, confirmed the change persisted server-side.
A35: AC-002-002-02 | B35: US-002-002 | C35: EP-002 | D35: Email change is validated for uniqueness. | F35: Pass | I35: Claude (AI Engineer) | J35: SIT | K35: Live test 2026-09-08: PATCH email to one already in use by another user -> 409. | PASS - manually re-verified live: PATCH /users/:id with an email already used by another account returns 409 'Email already in use', tested against production via the new User Detail screen's underlying endpoint.
A36: AC-002-002-03 | B36: US-002-002 | C36: EP-002 | D36: Changes do not rewrite historical attendance ownership. | F36: Pass | I36: Claude (AI Engineer) | J36: SIT | K36: Code-verified: adminUpdate() (users.service.ts) only ever writes to the users table; attendance_sessions.userId is a stable FK never touched by a profile edit. | PASS (code-verified) - adminUpdate() only ever writes to the User row; it has no code path that touches AttendanceSession, BreakRecord or TaskTimeEntry, so no historical attendance ownership can be rewritten by a profile edit.
A37: AC-002-002-04 | B37: US-002-002 | C37: EP-002 | D37: Material changes are audited. | F37: Pass | I37: Claude (AI Engineer) | J37: SIT | K37: Live test 2026-09-08: GET /audit contains a USER_UPDATED entry for the edited user. | PASS - manually re-verified live: audit log shows USER_UPDATED (before/after diff) for edits made through the new User Detail screen.
A38: AC-002-003-01 | B38: US-002-003 | C38: EP-002 | D38: User can edit permitted fields such as phone number. | F38: Pass | I38: Claude (AI Engineer) | J38: SIT | K38: Live test 2026-09-08: self PATCH /users/me {phoneNumber} -> 200, updated. | PASS - manually re-verified live in-browser: /profile shows editable First name/Surname/Phone number fields.
A39: AC-002-003-02 | B39: US-002-003 | C39: EP-002 | D39: Restricted fields such as role cannot be self-edited. | F39: Pass | I39: Claude (AI Engineer) | J39: SIT | K39: Live test 2026-09-08: self PATCH /users/me including role=ADMINISTRATOR -> role remains EMPLOYEE afterward (updateOwnProfileSchema structurally has no role field, so it is silently stripped, never reaching the service). | PASS - manually re-verified live in-browser: /profile shows Email, Role and Department as read-only display text, not form inputs - there is no way for a user to self-edit any of them.
A40: AC-002-003-03 | B40: US-002-003 | C40: EP-002 | D40: Validation is applied before save. | F40: Pass | I40: Claude (AI Engineer) | J40: SIT | K40: Live test 2026-09-08: self PATCH /users/me with firstName= -> 400 validation error. | PASS - manually re-verified live: PATCH /users/me with an empty phoneNumber returns 400 'String must contain at least 1 character(s)' - validated server-side before save.
A41: AC-002-003-04 | B41: US-002-003 | C41: EP-002 | D41: Successful update is immediately visible. | F41: Pass | I41: Claude (AI Engineer) | J41: SIT | K41: Live test 2026-09-08: GET /users/me immediately after a successful self-edit reflects the new value, no caching lag. | PASS - manually re-verified live in-browser: edited the phone number through the actual /profile form and the new value was reflected on screen immediately after the 'Profile updated' confirmation, no reload needed.
A42: AC-002-004-01 | B42: US-002-004 | C42: EP-002 | D42: At minimum Employee and Administrator roles exist. | F42: Pass | I42: Claude (AI Engineer) | J42: SIT | K42: Structural: UserRole enum defines EMPLOYEE and ADMINISTRATOR; both used and exercised extensively throughout this session. | PASS - confirmed live: the Role selector on both the user list and the new User Detail screen offers exactly EMPLOYEE and ADMINISTRATOR.
A43: AC-002-004-02 | B43: US-002-004 | C43: EP-002 | D43: Role changes require administrator permission. | F43: Pass | I43: Claude (AI Engineer) | J43: SIT | K43: Live test 2026-09-08: an employee attempting PATCH /users/:id (the only role-change route) -> 403, blocked entirely by the route's admin-only guard. | PASS - manually re-verified live against production: an employee session attempting PATCH /users/:id with role=ADMINISTRATOR (on their own account) -> 403.
A44: AC-002-004-03 | B44: US-002-004 | C44: EP-002 | D44: New permissions apply to subsequent requests. | F44: Pass | I44: Claude (AI Engineer) | J44: SIT | K44: Live test 2026-09-08: same still-logged-in session hits an admin-only endpoint -> 403 before promotion; immediately after an admin promotes them to ADMINISTRATOR (no re-login) the same session is no longer blocked by role (JwtStrategy re-checks role fresh from DB on every request, confirmed by code read). | PASS - manually re-verified live against production with a real two-directional test: while a real employee session was already logged in, admin suspended them -> the SAME session's very next request was rejected (401 'Account is not active') with no re-login involved; admin then reactivated them -> the SAME session's next request immediately succeeded again (200). Confirms the JwtStrategy's fresh-DB-lookup-per-request design actually works both ways, live.
A45: AC-002-004-04 | B45: US-002-004 | C45: EP-002 | D45: Role changes are audited. | F45: Pass | I45: Claude (AI Engineer) | J45: SIT | K45: Live test 2026-09-08: GET /audit contains a USER_ROLE_CHANGED entry for the promoted user. | PASS - confirmed via audit log: USER_ROLE_CHANGED entries carry before/after role and the acting administrator.
A46: AC-002-005-01 | B46: US-002-005 | C46: EP-002 | D46: Administrator can set Active, Suspended or Inactive. | F46: Pass | I46: Claude (AI Engineer) | J46: SIT | K46: Live test 2026-09-08: admin PATCH status=SUSPENDED -> 200, status updated. | PASS - manually re-verified live: Status selector on the user list and User Detail screen offers PENDING/ACTIVE/SUSPENDED/INACTIVE/REJECTED, and setting it live-updates the badge immediately.
... A49: AC-002-005-04 | B49: US-002-005 | C49: EP-002 | D49: Status changes are audited with actor and time. | F49: Pass | I49: Claude (AI Engineer) | J49: SIT | K49: Live test 2026-09-08: audit entry for the status change carries a real actorId and createdAt timestamp. | PASS - confirmed via audit log: USER_STATUS_CHANGED entries carry before/after status and the acting administrator, with a real timestamp.
A50: AC-002-006-01 | B50: US-002-006 | C50: EP-002 | D50: Employee number can be configured as unique if used. | F50: Pass | H50: DEF-002 | I50: Claude (AI Engineer) | J50: SIT | K50: FIXED 2026-09-08: initially found returning a raw 500 on duplicate employeeNumber (real bug, not a false negative) - employeeNumber had a DB unique constraint but no pre-check/error handling like email has. Fixed (commit 3d25cc4) with a shared Prisma P2002 handler; re-verified live post-deploy: duplicate employeeNumber now returns a clean 409. | PASS - manually re-verified live against production: PATCH /users/:id with an employeeNumber already used by another user -> 409 'A user with this employeeNumber already exists'; separately confirmed two DIFFERENT users can both leave employeeNumber blank without conflicting (see the empty-string-vs-null fix below). | Found and fixed live, 2026-09-09: an HTML <select> at its default option (department 'None', task assignee 'Unassigned') submits an empty string, not undefined - z.string().uuid().optional() only lets undefined through, so the field failed validation with NO visible error message anywhere (neither field had an error prop wired up), and the whole form just silently did nothing when Create was clicked. A blank employeeNumber had the same problem one level worse: two blank "" values collide under the DB's unique constraint even though two NULLs never do. Added preprocessing so an empty string normalises to the correct absent value (undefined/null) before validation, and wired up the missing error messages. Verified live: creating a user/task with the default option left selected now succeeds; two users both leaving employeeNumber blank no longer conflict; a real duplicate employeeNumber still correctly gets rejected.
A51: AC-002-006-02 | B51: US-002-006 | C51: EP-002 | D51: Department is selectable from an administered list. | F51: Pass | I51: Claude (AI Engineer) | J51: SIT | K51: Live test 2026-09-08: GET /departments returns the administered department list. | PASS - manually re-verified live: Department selector on both create-user and the new User Detail edit form is populated from GET /departments (the administered list), not free text.
A52: AC-002-006-03 | B52: US-002-006 | C52: EP-002 | D52: Changes affect future filtering without rewriting history. | F52: Pass | I52: Claude (AI Engineer) | J52: SIT | K52: Live test 2026-09-08: after assigning a department, GET /users?departmentId=... includes the user going forward. No department-history table exists, so there is nothing to "rewrite" - only current state is tracked. | PASS - manually re-verified live against production with a real before/after test: created an attendance session while a user was in Department A, then moved them to Department B - GET /reports/attendance?departmentId=A no longer includes that session and ?departmentId=B now does, immediately. There is no per-record department snapshot to rewrite; department is always looked up live from the user's current assignment, which is exactly what this AC asks for.
A53: AC-002-006-04 | B53: US-002-006 | C53: EP-002 | D53: Fields may be left blank if organisation does not use them. | F53: Pass | H53: DEF-003 | I53: Claude (AI Engineer) | J53: SIT | K53: Live test 2026-09-08: admin creates a user with no employeeNumber and no departmentId -> 201, both null, not required. | PASS (after a real fix) - manually testing this live surfaced a genuine bug: leaving Department at its default 'None' option, or Employee number blank, silently failed to submit at all (see the empty-string bug below) - so this AC was NOT actually true before today despite the field being technically 'optional' in the schema. Fixed and verified live: created a user with department left at None and employee number left blank, both succeeded and persisted correctly.
A54: AC-003-001-01 | B54: US-003-001 | C54: EP-003 | D54: Only an Active user can clock in. | F54: Pass | I54: Claude (AI Engineer) | J54: SIT | K54: JwtStrategy re-checks user.status===ACTIVE from a fresh DB lookup on every single request (not just login) - proven by AC-002-005-02 live test elsewhere in this session. Clock-in, like every protected route, is unreachable by a non-Active user. | PASS - manually re-verified live, 2026-09-09: JwtStrategy re-checks user.status===ACTIVE from a fresh DB lookup on every request (already proven live in EP-002's AC-002-005-02 test), so clock-in is unreachable by a non-Active user; used a real employee test account (manual-ep3-...@atms.app) on the deployed Azure app for every test in this epic.
A55: AC-003-001-02 | B55: US-003-001 | C55: EP-003 | D55: Server time is the authoritative clock-in timestamp. | F55: Pass | I55: Claude (AI Engineer) | J55: SIT | K55: Code-verified: AttendanceController.clockIn() takes no request body (@CurrentUser only) - structurally impossible for a client to supply a timestamp; clockInAt is always new Date() server-side. | PASS - manually re-verified live: clock-in never accepts a client-supplied timestamp (POST /attendance/clock-in takes no body); confirmed via a real API call that the returned clockInAt is a fresh server-generated ISO timestamp matching the moment of the request.
A56: AC-003-001-03 | B56: US-003-001 | C56: EP-003 | D56: A user cannot create a second active attendance session. | F56: Pass | I56: Claude (AI Engineer) | J56: SIT | K56: Existing e2e test: second concurrent clock-in -> 409 (BR-002). | PASS - manually re-verified live against production, 2026-09-09: while already clocked in, called POST /attendance/clock-in again -> 409 'Already clocked in' with the original session's clockInAt returned unchanged, confirming no second active session is created.
A57: AC-003-001-04 | B57: US-003-001 | C57: EP-003 | D57: Dashboard immediately shows Clocked In state and start time. | F57: Pass | I57: Claude (AI Engineer) | J57: SIT | K57: Confirmed via live browser session earlier this conversation: my-day dashboard shows Clock Out/Pause/Stop buttons immediately reflecting an active session with no manual refresh needed (React Query cache updated from the clock-in response). | PASS - manually re-verified live in-browser: /my-day immediately showed 'Working since <time>' right after a real clock-in, and a fresh page reload continued to show the correct clocked-in state pulled from the server, not from cached browser state.
A58: AC-003-002-01 | B58: US-003-002 | C58: EP-003 | D58: An active attendance session is required. | F58: Pass | I58: Claude (AI Engineer) | J58: SIT | K58: Live test 2026-09-08: clock-out with no active session -> 400 "No active attendance session". | PASS - manually re-verified live: POST /attendance/clock-out with no active session -> 400 'No active attendance session'.
A59: AC-003-002-02 | B59: US-003-002 | C59: EP-003 | D59: Server time is the authoritative clock-out timestamp. | F59: Pass | I59: Claude (AI Engineer) | J59: SIT | K59: Code-verified: clockOut() only accepts a boolean confirm field; clockOutAt is always new Date() server-side. | PASS - manually re-verified live: clock-out never accepts a client-supplied timestamp; the returned clockOutAt is a fresh server-generated ISO timestamp, confirmed across multiple real clock-out calls this session.
A60: AC-003-002-03 | B60: US-003-002 | C60: EP-003 | D60: Net working time is calculated from attendance minus eligible break time. | F60: Pass | I60: Claude (AI Engineer) | J60: SIT | K60: Existing e2e test (reconciliation) + packages/shared/time-math unit tests against the SRS worked example verify netWorkingMinutes = attendance elapsed - eligible break time exactly. | PASS - manually re-verified live: /attendance history's Net Work column and the /my-day reconciliation totals both compute net working time as gross session time minus overlapping break time (verified against real seeded data: a session with an 8-minute break and ~2-minute break both showed Net Work reduced accordingly); confirmed server-side via the reconciliation/me endpoint's netWorkingMinutes/breakMinutes fields on real data.
A61: AC-003-002-04 | B61: US-003-002 | C61: EP-003 | D61: Completed attendance record appears in history. | F61: Pass | I61: Claude (AI Engineer) | J61: SIT | K61: Existing e2e test: GET /attendance/me includes the just-completed session. | PASS - manually re-verified live: after clocking out through /attendance/admin/live and the /my-day UI, the completed session immediately appeared correctly in the /attendance history table with the right clock-in/out times and Complete status.
A62: AC-003-003-01 | B62: US-003-003 | C62: EP-003 | D62: Current state is visible on dashboard. | F62: Pass | I62: Claude (AI Engineer) | J62: SIT | K62: Live test 2026-09-08: GET /attendance/state -> 200 with a populated state field. | PASS - manually re-verified live in-browser: /my-day's ATTENDANCE card always shows the current state (Clocked out / Working / On break) front and center.
A63: AC-003-003-02 | B63: US-003-003 | C63: EP-003 | D63: State is derived from server records, not browser memory alone. | F63: Pass | I63: Claude (AI Engineer) | J63: SIT | K63: Live test 2026-09-08: two independent GET /attendance/state calls return the same live-queried record - no client-side derivation, always a fresh DB read (attendance.service.ts getCurrentState). | PASS - manually re-verified live: GET /attendance/state always reflects the database's AttendanceSession/BreakRecord rows, not any client-held value - confirmed by reloading /my-day from a cold page load and seeing the correct live state every time.
A64: AC-003-003-03 | B64: US-003-003 | C64: EP-003 | D64: State persists after page refresh/re-login. | F64: Pass | I64: Claude (AI Engineer) | J64: SIT | K64: Confirmed via live browser earlier this session: reloading /my-day after login re-fetches state from the server (TanStack Query, no localStorage-only state) - same pattern verified for the session-expiry fix (AC-001-007-04). | PASS - manually re-verified live: clocked in, then did a hard page reload of /my-day - the 'Working since <time>' state and elapsed totals persisted correctly, sourced fresh from the server on every load.
A65: AC-003-003-04 | B65: US-003-003 | C65: EP-003 | D65: Invalid contradictory states are prevented by backend rules. | F65: Pass | I65: Claude (AI Engineer) | J65: SIT | K65: Same evidence as AC-003-001-03/AC-003-004-04 - BR-002/BR-003 partial unique indexes make contradictory states (two ACTIVE sessions, two RUNNING timers) impossible at the DB layer, not just the application layer. | PASS - manually re-verified live against production, 2026-09-09, with real negative tests: POST /attendance/clock-out with no active session -> 400 'No active attendance session'; POST /breaks/end with no active break -> 400 'You do not have an active break'. The backend rejects every contradictory state transition rather than allowing it.
... A77: AC-003-006-04 | B77: US-003-006 | C77: EP-003 | D77: Break and attendance timestamps remain consistent. | F77: Pass | I77: Claude (AI Engineer) | J77: SIT | K77: Live test 2026-09-08: break endAt <= session clockOutAt (same `now` variable used for both in one transaction). | PASS - manually re-verified live against production, 2026-09-09: after confirming clock-out-while-on-break through the real UI, fetched GET /reconciliation/me and confirmed the BREAK timeline entry's `end` (2026-09-09T21:25:43.191Z) exactly matches the ATTENDANCE entry's `end`/clockOutAt for the same session - break and attendance timestamps are provably identical, not just close.
A78: AC-003-007-01 | B78: US-003-007 | C78: EP-003 | D78: History shows date, clock-in, clock-out, break total and net work. | F78: Pass | H78: DEF-004 | I78: Claude (AI Engineer) | J78: SIT | K78: Live test 2026-09-08: history record includes clockInAt, clockOutAt, status, and nested breaks array. | PASS (after a real fix) - manually re-verifying this live surfaced a genuine gap: the Breaks column on /attendance showed a raw count of break records (e.g. '1'), not the break total this AC actually asks for. Changed it to show total break duration (formatMinutes of summed break minutes), matching the Net Work column's own units. Verified live: a session with an 8-minute break now shows '0h 8m' in that column.
A79: AC-003-007-02 | B79: US-003-007 | C79: EP-003 | D79: Records are ordered by date/time. | F79: Pass | I79: Claude (AI Engineer) | J79: SIT | K79: Live test 2026-09-08: records confirmed ordered newest-first. | PASS - manually re-verified live: /attendance history is ordered by clockInAt desc both in the API (orderBy: {clockInAt: 'desc'}) and as rendered on screen - most recent session always listed first.
A80: AC-003-007-03 | B80: US-003-007 | C80: EP-003 | D80: User can filter by date range. | F80: Pass | H80: DEF-005 | I80: Claude (AI Engineer) | J80: SIT | K80: FIXED 2026-09-08: found returning 0 records for from=to=today (real bug - new Date("2026-09-08") parses as UTC midnight, so lte excluded almost the entire day). Fixed (commit d2ac996) using getUtcDayRange for proper end-of-day boundary; re-verified live post-deploy with a fresh session: filter now correctly returns the record. | PASS (after a real fix) - manually testing this live surfaced a genuine gap: GET /attendance/me already supported from/to query params server-side (with a documented past fix for an off-by-one day-boundary bug), but the /attendance page never exposed any date-range filter UI at all - it always fetched full, unfiltered history. Added From/To date inputs that re-query with from/to params on change. Verified live: filtering to a day with no sessions correctly showed 'No attendance records yet.', and resetting the range back to today correctly returned all 7 real sessions again.
A81: AC-003-007-04 | B81: US-003-007 | C81: EP-003 | D81: Employee can only see their own history unless separately authorised. | F81: Pass | I81: Claude (AI Engineer) | J81: SIT | K81: Live test 2026-09-08: a different user attempting to view this user's attendance session by ID -> 400 "Not your attendance record". | PASS (code-verified) - GET /attendance/me is always scoped to @CurrentUser('id'); there is no query parameter that lets a caller pass another userId, so an employee can never fetch anyone else's attendance through this endpoint. Admin-facing cross-user history is a separate, role-guarded endpoint (used for AC-002-005-03 in EP-002 and the Reports feature in EP-010).
A82: AC-003-008-01 | B82: US-003-008 | C82: EP-003 | D82: List shows active attendance sessions. | F82: Pass | I82: Claude (AI Engineer) | J82: SIT | K82: Live test 2026-09-08: admin GET /attendance/admin/live includes a genuinely active session for a freshly clocked-in user. | PASS - manually re-verified live against production, 2026-09-09: GET /attendance/admin/live (and the /admin/live UI) correctly listed every currently-clocked-in user in real time, confirmed with two simultaneously active real sessions (one Working, one On Break).
A83: AC-003-008-02 | B83: US-003-008 | C83: EP-003 | D83: Status distinguishes Working and On Break. | F83: Pass | I83: Claude (AI Engineer) | J83: SIT | K83: Live test 2026-09-08: live view entry status field distinguishes ACTIVE (Working) from ON_BREAK. | PASS - manually re-verified live: the Live Attendance table's Status column showed 'On Break' (amber) for a user with an active break and 'Working' (green) for a user without one, both against real concurrent sessions.
A84: AC-003-008-03 | B84: US-003-008 | C84: EP-003 | D84: Clock-in time and current duration are displayed. | F84: Pass | H84: DEF-006 | I84: Claude (AI Engineer) | J84: SIT | K84: Live test 2026-09-08: live view entry includes clockInAt; frontend derives current duration from it client-side. | PASS (after a real fix) - manually testing this live surfaced a genuine gap: the Live Attendance table only ever showed 'Clocked in since <time>', never a running duration, even though this AC explicitly asks for both. Added a Duration column computed from clockInAt to now (refreshed on the page's existing 15s refetch). Verified live: a session clocked in at 5:31:26 PM correctly showed '0h 10m' ten minutes later.
A85: AC-003-008-04 | B85: US-003-008 | C85: EP-003 | D85: Only authorised administrators can see organisation-wide status. | F85: Pass | I85: Claude (AI Engineer) | J85: SIT | K85: Live test 2026-09-08: employee attempting GET /attendance/admin/live -> 403. | PASS - manually re-verified live against production, 2026-09-09, with a real two-directional test: a genuine employee session calling GET /attendance/admin/live directly -> 403 'Insufficient permissions', while the same call from a real ADMINISTRATOR session succeeded (200) and returned the org-wide list. | Test data note: all EP-003 live testing used a real disposable employee account (manual-ep3-1788988560377@atms.app) with a real task, on the deployed Azure app. Its attendance/break/task-timer history was left in place as-is (this system has no destructive delete path for attendance records by design - audit trail is meant to be immutable); the account itself was set to INACTIVE afterward via the admin Users screen to remove it from active-user views.
A86: AC-004-001-01 | B86: US-004-001 | C86: EP-004 | D86: User must be clocked in. | F86: Pass | I86: Claude (AI Engineer) | J86: SIT | K86: Live test 2026-09-08: POST /breaks/start with no active attendance session -> 400. | PASS - manually re-verified live against production, 2026-09-09: a real, freshly-approved employee account (manual-ep4-...@atms.app) not clocked in -> POST /breaks/start -> 400 'You must be clocked in (and not already on break) to start a break'.
A87: AC-004-001-02 | B87: US-004-001 | C87: EP-004 | D87: User cannot already have an active break. | F87: Pass | I87: Claude (AI Engineer) | J87: SIT | K87: Live test 2026-09-08: second POST /breaks/start while already on break -> 400. | PASS - manually re-verified live: after a real break was already active, called POST /breaks/start again -> 400 with the same message, confirming a second break cannot start while one is already open.
A88: AC-004-001-03 | B88: US-004-001 | C88: EP-004 | D88: Server timestamp records break start. | F88: Pass | I88: Claude (AI Engineer) | J88: SIT | K88: Live test 2026-09-08: break startAt returned server-generated; endpoint takes no request body at all, no client-timestamp path exists. | PASS - manually re-verified live in-browser: clicking the real 'Start Break' button produced a POST /breaks/start response with a server-generated startAt matching the moment of the click; the endpoint takes no client-supplied timestamp at all.
A89: AC-004-001-04 | B89: US-004-001 | C89: EP-004 | D89: Dashboard changes to On Break. | F89: Pass | I89: Claude (AI Engineer) | J89: SIT | K89: Live test 2026-09-08: GET /attendance/state after starting a break -> state=ON_BREAK. | PASS - manually re-verified live in-browser: clicking 'Start Break' on /my-day immediately flipped the ATTENDANCE card to 'On break since <time>' with Clock Out/End Break buttons, sourced from a live GET /attendance/state call, not client-side state.
A90: AC-004-002-01 | B90: US-004-002 | C90: EP-004 | D90: An active break is required. | F90: Pass | I90: Claude (AI Engineer) | J90: SIT | K90: Live test 2026-09-08: POST /breaks/end with no active break -> 400. | PASS - manually re-verified live: with no active break, POST /breaks/end -> 400 'You do not have an active break'.
A91: AC-004-002-02 | B91: US-004-002 | C91: EP-004 | D91: Server timestamp records break end. | F91: Pass | I91: Claude (AI Engineer) | J91: SIT | K91: Live test 2026-09-08: break endAt server-generated; endpoint takes no body. | PASS - manually re-verified live in-browser: clicking the real 'End Break' button produced a POST /breaks/end response with a server-generated endAt; no client timestamp is accepted.
A92: AC-004-002-03 | B92: US-004-002 | C92: EP-004 | D92: Break duration is calculated automatically. | F92: Pass | I92: Claude (AI Engineer) | J92: SIT | K92: Live test 2026-09-08: break record persists both startAt and endAt with no client input; duration is directly derivable. | PASS - manually re-verified live against production, 2026-09-09: created 5 real breaks on the same session (including a genuine concurrent-race pair) and confirmed via GET /reconciliation/me that breakMinutes is the sum of every completed break's (endAt-startAt), and via the new admin Reports 'Breaks' screen's Daily Totals table that the same 5 breaks correctly summed to the right per-day total.
A93: AC-004-002-04 | B93: US-004-002 | C93: EP-004 | D93: Dashboard returns to Working state. | F93: Pass | I93: Claude (AI Engineer) | J93: SIT | K93: Live test 2026-09-08: GET /attendance/state after ending the break -> state=WORKING. | PASS - manually re-verified live in-browser: clicking 'End Break' immediately returned /my-day to the 'Working' state with the Start Break button restored, sourced from a live server state check.
A94: AC-004-003-01 | B94: US-004-003 | C94: EP-004 | D94: Each break creates a separate break record. | F94: Pass | I94: Claude (AI Engineer) | J94: SIT | K94: Verified: e2e test asserts break1End.body.id !== break2End.body.id (two sequential breaks in one session get distinct record IDs). apps/api/test/app.e2e-spec.ts, "Multiple breaks in one day" describe block, explicitly commented as covering this AC. | PASS - manually re-verified live: 5 separate break attempts on the same attendance session each produced a distinct BreakRecord id (confirmed via GET /reconciliation/me's timeline and the Reports Breaks screen listing all 5 individually).
A95: AC-004-003-02 | B95: US-004-003 | C95: EP-004 | D95: Breaks cannot overlap. | F95: Pass | I95: Claude (AI Engineer) | J95: SIT | K95: Verified by e2e test: second break's start is not before the first break's end. | PASS (rigorously re-verified) - manually tested live against production, 2026-09-09, with a genuine race: fired two POST /breaks/start requests concurrently via Promise.all on the same active session. Exactly one succeeded (200) and the other was rejected (409 'You already have an active break') - overlapping breaks are blocked even under real concurrent requests, not just sequential app-level checks.
A96: AC-004-003-03 | B96: US-004-003 | C96: EP-004 | D96: Daily break total equals sum of completed break durations. | F96: Pass | I96: Claude (AI Engineer) | J96: SIT | K96: FIXED 2026-09-08: found that no "daily break total" was computed or displayed anywhere in the product (API or UI), despite the exact figure being calculated internally by calculateNetWorkingMinutes and discarded. Extracted calculateBreakMinutes() (commit e7ee430), wired through reconciliation.service.ts and the My Day dashboard. Two new unit tests. Re-verified live post-deploy: breakMinutes now present in GET /reconciliation/me. | PASS - manually re-verified live: the new Reports > Breaks > Daily Totals table (built this session) correctly summed 5 real break records on 2026-09-09 to the right per-day total minutes, cross-checked against GET /reconciliation/me's breakMinutes for the same day.
... A101: AC-004-004-04 | B101: US-004-004 | C101: EP-004 | D101: Ending break does not automatically resume the task without user confirmation. | F101: Pass | I101: Claude (AI Engineer) | J101: SIT | K101: Live test 2026-09-08: activeTimer is null after ending a break with no explicit resume call - no auto-resume. | PASS - manually re-verified live against production, 2026-09-09: after ending the break that had paused a task timer, GET /attendance/state's activeTimer remained null - the task is not auto-resumed; the employee must explicitly start it again themselves.
A102: AC-004-005-01 | B102: US-004-005 | C102: EP-004 | D102: Attendance detail shows each break start/end/duration. | F102: Pass | H102: DEF-007 | I102: Claude (AI Engineer) | J102: SIT | K102: Live test 2026-09-08: attendance detail lists every break record with start/end/status. | PASS (after a real fix) - manually testing this live surfaced a genuine gap: SCR-006 'Attendance Day Detail / Timeline' is a screen explicitly named in the SRS's screen list but was never built - the history list only ever showed per-session totals, with no way for an employee to see individual break start/end/duration for a past day, even though GET /attendance/:id already returned everything needed. Built /attendance/[id], linked from each history row's date. Verified live: a real session with 5 breaks and 1 task-time entry rendered every one with correct start/end/duration.
A103: AC-004-005-02 | B103: US-004-005 | C103: EP-004 | D103: Incomplete break is clearly marked. | F103: Pass | I103: Claude (AI Engineer) | J103: SIT | K103: Live test 2026-09-08: a still-open break shows status=ACTIVE and endAt=null, clearly distinct from a completed one. | PASS (same fix as AC-004-005-01) - manually re-verified live: on the new /attendance/[id] screen, a still-open break correctly showed '—' for End and an amber 'Active (incomplete)' badge, visually distinct from the 4 other 'Completed' breaks in the same list.
A104: AC-004-005-03 | B104: US-004-005 | C104: EP-004 | D104: Break total reconciles to net working calculation. | F104: Pass | I104: Claude (AI Engineer) | J104: SIT | K104: Same evidence as AC-003-002-03/AC-004-003-03 - breakMinutes and netWorkingMinutes are computed from the same break records by the same reconcile() call, so they reconcile by construction, not by coincidence. | PASS - manually re-verified live against production, 2026-09-09, with real numbers: a session with clockInAt/clockOutAt roughly 11.6 minutes apart and 5 real breaks reconciled to netWorkingMinutes=9 + breakMinutes=2 via GET /reconciliation/me - net working and break time sum back to gross attendance time, by the same reconcile() computation proven in EP-003.
A105: AC-004-005-04 | B105: US-004-005 | C105: EP-004 | D105: User cannot alter final break records without correction workflow. | F105: Pass | I105: Claude (AI Engineer) | J105: SIT | K105: Code-verified: breaks.controller.ts exposes only POST /breaks/start and /breaks/end (no body, act on "the current" break/session) - there is no PATCH/PUT/DELETE route for a break record by ID. Only the corrections workflow can alter a finalized record. | PASS - manually re-verified live against production: PATCH /breaks/<a real, already-completed break id> -> 404 'Cannot PATCH /api/v1/breaks/...' - there is no route to directly alter a finalized break record; requestCorrectionSchema's targetType includes BREAK_RECORD as the only sanctioned path to dispute one.
A106: AC-004-006-01 | B106: US-004-006 | C106: EP-004 | D106: Report can filter by user and date range. | F106: Pass | H106: DEF-008 | I106: Claude (AI Engineer) | J106: SIT | K106: Live test 2026-09-08: admin GET /reports/breaks?userId=...&from=...&to=... returns only that user's break rows for the range. | PASS (after a real fix) - manually testing this live surfaced a genuine gap: GET /reports/breaks already accepted a userId filter server-side (like every other report), but the admin Reports screen never exposed a way to pick an employee for any report type. Added an Employee dropdown (populated from real ACTIVE users) wired to the userId query param. Verified live: selecting 'Ep4 Manual' correctly narrowed the Breaks report from 8 org-wide rows to exactly that employee's 5 real break records.
A107: AC-004-006-02 | B107: US-004-006 | C107: EP-004 | D107: Report shows individual break periods and daily totals. | F107: Pass | I107: Claude (AI Engineer) | J107: SIT | K107: Live test 2026-09-08: report rows include date, employee, start, end, durationMinutes, status. | PASS (after a real fix) - manually testing this live surfaced a genuine gap: the Breaks report only ever listed individual break periods, never the daily totals this AC also asks for. Added a Daily Totals table (date, break count, total minutes, has-active-break) alongside the existing per-break list. Verified live: 5 real breaks on 2026-09-09 correctly summarised to one row (5 breaks, 2 total minutes).
A108: AC-004-006-03 | B108: US-004-006 | C108: EP-004 | D108: Active breaks are distinguished from completed breaks. | F108: Pass | I108: Claude (AI Engineer) | J108: SIT | K108: Live test 2026-09-08: queried while one break was still open - report rows showed both ACTIVE and COMPLETED in the same result set. | PASS - manually re-verified live: the Breaks report's Status column showed COMPLETED for 4 finished breaks and, while a break was still open, ACTIVE for that row - and the new Daily Totals table's 'Has active break' column correctly flagged the day 'Yes' while that break was open.
A109: AC-004-006-04 | B109: US-004-006 | C109: EP-004 | D109: Export respects selected filters. | F109: Pass | I109: Claude (AI Engineer) | J109: SIT | K109: Live test 2026-09-08: format=csv returns content-type text/csv (same filtered query as the JSON request). | PASS - manually re-verified live against production, 2026-09-09: called GET /reports/breaks with userId+from+to as JSON (5 rows) and as CSV (5 data lines) for the identical filter, versus 8 rows with no userId filter applied - proves the CSV/XLSX export genuinely reuses the same already-filtered rows as the on-screen JSON, not a separate unfiltered query. | Test data note: all EP-004 live testing used a real disposable employee account (manual-ep4-1788990520903@atms.app) with a real assigned task, on the deployed Azure app. Its attendance/break/task-timer history was left in place (no destructive delete path exists for this data by design); the account was set to INACTIVE afterward via the admin Users screen.
A110: AC-005-001-01 | B110: US-005-001 | C110: EP-005 | D110: Task requires a title. | F110: Pass | I110: Claude (AI Engineer) | J110: SIT | K110: Live test 2026-09-08: POST /tasks with empty title -> 400. | PASS - manually re-verified live against production, 2026-09-09: POST /tasks with no title -> 400 'Required' on the title field.
A111: AC-005-001-02 | B111: US-005-001 | C111: EP-005 | D111: Task may include description, priority, due date and estimated time. | F111: Pass | I111: Claude (AI Engineer) | J111: SIT | K111: Live test 2026-09-08: POST /tasks with description/priority/dueDate/estimatedMinutes -> 201, all fields persisted exactly. | PASS (after a real fix) - manually testing this live surfaced a genuine gap: dueDate exists in createTaskSchema and is displayed on both task lists and task detail, but there was no form anywhere - admin create, employee create, or task edit - that could actually set it. Added a Due date field (preprocessing the <input type="date">'s plain YYYY-MM-DD into the full ISO datetime dueDate expects) to both create forms and the new admin edit form. Verified live: created and edited tasks with a real due date, confirmed it round-tripped and displayed correctly.
A112: AC-005-001-03 | B112: US-005-001 | C112: EP-005 | D112: New task receives a unique ID. | F112: Pass | I112: Claude (AI Engineer) | J112: SIT | K112: Live test 2026-09-08: new task returns a real UUID id. | PASS - manually re-verified live: every task created this session got a real UUID (e.g. 29910496-41c1-4e17-8828-22c9251ff886), confirmed unique across dozens of tasks created live.
A113: AC-005-001-04 | B113: US-005-001 | C113: EP-005 | D113: Creation is audited. | F113: Pass | I113: Claude (AI Engineer) | J113: SIT | K113: Live test 2026-09-08: GET /audit contains TASK_CREATED for the new task. | PASS - manually re-verified live: GET /audit shows a TASK_CREATED entry for every task created this session, with the real actor and the title/assigneeId captured in afterJson.
A114: AC-005-002-01 | B114: US-005-002 | C114: EP-005 | D114: Organisation setting controls whether employees may create tasks. | F114: Pass | I114: Claude (AI Engineer) | J114: SIT | K114: Live test 2026-09-08: with employeesCanCreateTasks=false, employee POST /tasks -> 403; restored the original setting value afterward. | PASS (after a real fix) - manually testing this live surfaced a genuine gap: the org setting (employeesCanCreateTasks) already blocked creation server-side with a 403, but the employee My Tasks page showed the New Task button and full form unconditionally regardless of the setting, letting an employee fill out a form that could only ever fail. Toggled the setting off live, confirmed POST /tasks -> 403 'Employees are not permitted to create tasks'; fixed the UI to read GET /settings (unrestricted to any authenticated user) and hide the button/form with a clear explanatory message when the setting is off. Verified live after fix and after restoring the setting to true.
A115: AC-005-002-02 | B115: US-005-002 | C115: EP-005 | D115: Employee-created task defaults to that employee unless reassigned by admin. | F115: Pass | I115: Claude (AI Engineer) | J115: SIT | K115: Live test 2026-09-08: employee POST /tasks with no assigneeId -> defaults to themself. | PASS - manually re-verified live against production: an employee session's POST /tasks (no assigneeId given) came back with assigneeId equal to their own userId - confirmed the setting is on and no assigneeId was supplied by the client.
A116: AC-005-002-03 | B116: US-005-002 | C116: EP-005 | D116: Required task fields are validated. | F116: Pass | I116: Claude (AI Engineer) | J116: SIT | K116: Live test 2026-09-08: employee POST /tasks with no title -> 400 (same validation as admin-created tasks). | PASS - manually re-verified live: an employee's POST /tasks with no title -> 400 'Required', identical validation to the admin path.
A117: AC-005-002-04 | B117: US-005-002 | C117: EP-005 | D117: Created task is immediately available for timer start. | F117: Pass | I117: Claude (AI Engineer) | J117: SIT | K117: Live test 2026-09-08: POST /task-timers/start on the just-created task succeeded immediately (201), no propagation delay. | PASS - manually re-verified live against production, 2026-09-09: created a task as an employee, then immediately called POST /task-timers/start with its id -> 201 RUNNING, with no delay or extra step needed.
A118: AC-005-003-01 | B118: US-005-003 | C118: EP-005 | D118: Task can be assigned to an Active user. | F118: Pass | I118: Claude (AI Engineer) | J118: SIT | K118: Live test 2026-09-08: task creation with assigneeId set to an ACTIVE user succeeded. | PASS - manually re-verified live: PATCH /tasks/:id with assigneeId set to a real ACTIVE user succeeded (200); the admin edit form's Assignee dropdown (built this session) is populated only from GET /users?status=ACTIVE.
... A126: AC-005-005-01 | B126: US-005-005 | C126: EP-005 | D126: Estimated duration accepts positive time values. | F126: Pass | I126: Claude (AI Engineer) | J126: SIT | K126: Live test 2026-09-08: POST /tasks with estimatedMinutes=-10 -> 400 "Number must be greater than 0". | PASS - manually re-verified live against production, 2026-09-09: POST /tasks with estimatedMinutes=-5 and =0 both -> 400 'Number must be greater than 0'; estimatedMinutes=120 -> 201 accepted.
A127: AC-005-005-02 | B127: US-005-005 | C127: EP-005 | D127: Estimate is optional. | F127: Pass | H127: DEF-009 | I127: Claude (AI Engineer) | J127: SIT | K127: Live test 2026-09-08: POST /tasks with no estimatedMinutes -> 201, field is null, not required. | PASS - manually re-verified live: POST /tasks with no estimatedMinutes field at all -> 201, estimatedMinutes stored as null. | Found and fixed live, 2026-09-09, during EP-011 testing: all prior verification of this AC used direct API calls that omitted estimatedMinutes entirely (a real undefined). The first time this session an actual browser form submission left the Estimated minutes field blank, it failed with 'Expected number, received nan' and blocked task creation - react-hook-form's valueAsNumber turns a blank number input into NaN, not undefined, and z.number().optional() only lets undefined through. Added a NaN-to-undefined preprocessor (optionalPositiveInt in schemas.ts). Verified live: creating a task through the real admin form with Estimated minutes left blank now succeeds.
A128: AC-005-005-03 | B128: US-005-005 | C128: EP-005 | D128: Actual time is calculated from recorded task time entries. | F128: Pass | I128: Claude (AI Engineer) | J128: SIT | K128: Code-verified: TasksService.getActualMinutes() always derives from real TaskTimeEntry rows, never a stored/directly-editable field. | PASS - manually re-verified live: logged a real task-timer entry on a task, then confirmed via task detail and GET /reports/task-time that actualMinutes/durationMinutes reflect exactly that recorded entry, not an estimate or a guess.
A129: AC-005-005-04 | B129: US-005-005 | C129: EP-005 | D129: Task detail shows estimate versus actual when estimate exists. | F129: Pass | I129: Claude (AI Engineer) | J129: SIT | K129: Task detail includes estimatedMinutes when set; frontend task detail page shows estimate vs. actual side by side. | PASS - manually re-verified live in-browser: a task with a real 120-minute estimate and 0 minutes actually logged showed ACTUAL TIME 0h 0m, ESTIMATED 2h 0m, and VARIANCE -2h 0m on its detail page - all three only appear when an estimate exists.
...

Sheet NFR & Business Rules
A1: NFR ID | B1: Category | C1: Requirement | D1: Priority | E1: Status | F1: Evidence / Notes
A2: NFR-001 | B2: Performance | C2: Normal interactive API operations should target p95 response time under 500 ms under agreed reference load. | D2: Must Have | E2: Tested | F2: Load-tested against a defined reference load (30 concurrent users); passes p95<500ms on all endpoints tested. Full methodology and results in docs/PERFORMANCE.md.
A3: NFR-002 | B3: Availability | C3: Production target 99.9% monthly availability excluding agreed maintenance windows. | D3: Should Have | E3: Live | F3: Application Insights availability test + email alerting on the API readiness endpoint, verified producing real results from 5 regions. See docs/MONITORING.md.
A4: NFR-003 | B4: Security | C4: HTTPS/TLS is mandatory in production. | D4: Must Have | E4: Pass | F4: Live-verified 2026-09-10: API Container App ingress has allowInsecure=false (plain HTTP rejected) and transport=Auto (HTTPS); COOKIE_SECURE=true is set in the production environment. Confirmed against the real Azure resource, not just config source.
A5: NFR-004 | B5: Password Security | C5: Use Argon2id or approved equivalent for password hashing. | D5: Must Have | E5: Pass | F5: Covered by AC-012-001-01/02 (Pass) - argon2.hash()/argon2.verify() with type: argon2id used consistently at every password write/check path, re-grepped against the current commit 2026-09-09.
A6: NFR-005 | B6: Time Integrity | C6: Official attendance/timer events use authoritative server time. | D6: Must Have | E6: Pass | F6: Covered by AC-012-003-01/03/04 (Pass) - clockInAt/clockOutAt etc. are always server-generated new Date(), no client-supplied timestamp accepted anywhere in the attendance/timer paths.
A7: NFR-006 | B7: Concurrency | C7: System prevents duplicate active attendance sessions and active task timers under concurrent requests. | D7: Must Have | E7: Pass | F7: Live-verified 2026-09-10 with a real disposable account: fired 10 genuinely simultaneous POST /attendance/clock-in requests via Promise.all (not sequential calls) - exactly 1 succeeded (200), 9 correctly rejected (409), proving the underlying Postgres partial unique index holds under real concurrent load, not just app-level sequential checks. The task-timer path enforces the identical DB-constraint pattern (task-timer.service.ts requireNoRunningTimer + a matching unique index) though it wasn't separately fired concurrently this pass.
A8: NFR-007 | B8: Auditability | C8: Material corrections, role changes and user status changes are auditable. | D8: Must Have | E8: Pass | F8: Covered by EP-009's correction/audit ACs (Pass) and the EP-002 re-verification pass, which live-confirmed suspending/reactivating a user is audited and takes effect on the user's very next request without re-login.
A9: NFR-008 | B9: Responsive UX | C9: Clock, break and task timer flows must be usable on desktop and mobile browsers. | D9: Must Have | E9: Pass | F9: Live-verified 2026-09-10: the My Day screen (clock-in, active task, today's totals) re-rendered cleanly at a real 375x812 mobile viewport - no horizontal overflow, Clock In control full-width and reachable, cards stacked vertically. Confirms the earlier sidebar/header mobile-breakpoint fix holds on the current deployed build.
A10: NFR-009 | B10: Accessibility | C10: Web UI should target WCAG 2.2 AA. | D10: Should Have | E10: Fixed | F10: Audited all 13 pages of the live deployment with axe-core (WCAG 2.1/2.2 AA rules). Found and fixed 3 real issues (color contrast, 8 unlabeled selects, keyboard-inaccessible scrollable tables) across 9 of 13 pages. Re-verified against the live site post-deploy: zero violations across all 13 pages. Full findings in docs/ACCESSIBILITY.md, including what an automated scan does not cover.
A11: NFR-010 | B11: Browser Support | C11: Support current major releases of Chrome, Edge, Safari and Firefox according to published support policy. | D11: Should Have | E11: Tested | F11: Everything was checked and verified working except Firefox.
A12: NFR-011 | B12: Backup | C12: Automated encrypted database backup and tested restore process required before production. | D12: Must Have | E12: Pass | F12: Covered by AC-012-005-01..04 (Pass) - a real restore drill was executed and documented 2026-09-08 (docs/BACKUP_AND_RESTORE.md); 14-day backup retention re-confirmed live via az CLI 2026-09-09.
... A17: NFR-016 | B17: Testing | C17: Unit, integration and end-to-end tests are required for critical clock/timer workflows. | D17: Must Have | E17: Pass | F17: Verified 2026-09-10: 41 real test cases across 4 files - 2 API unit spec files (Zod validation pipe, cookie util), the API's e2e spec covering the critical clock/break/timer/task path, and the shared time-math unit test (the SRS's own worked reconciliation example). All run in CI on every push; already confirmed passing in the CI run reviewed for AC-012-006-01. | CAVEAT added 2026-09-10: the SRS's separate §14 Testing Strategy names Playwright browser E2E tests specifically (see RISK-010) - not yet implemented. Left as Pass since this NFR's own literal wording ("unit, integration and end-to-end tests") is satisfied by the real API-level e2e suite, but the more specific browser-automation expectation elsewhere in the SRS is not yet met.
A20: Business Rule ID | B20: Business Rule
A21: BR-001 | B21: Attendance clock and task timer are separate records and must never be treated as the same clock. | E21: Pass | F21: Code-verified: AttendanceSession and TaskTimeEntry are separate Prisma models with separate endpoints/services throughout - core domain design, unchanged all effort.
A22: BR-002 | B22: A user may have at most one active attendance session. | E22: Pass | F22: Live-verified 2026-09-10 under real concurrency (see NFR-006) plus the DB-level Postgres partial unique index noted in the tracker's RISK-001 mitigation.
A23: BR-003 | B23: A user may have at most one active task timer. | E23: Pass | F23: Code-verified: task-timer.service.ts requireNoRunningTimer() plus a matching DB partial unique index enforce this; live-tested sequentially earlier this effort (409 'A task timer is already running').
A24: BR-004 | B24: A task timer can start only while the user is clocked in and not on break. | E24: Pass | F24: Code-verified 2026-09-10: task-timer.service.ts requireActiveWorkingSession() requires attendance status=ACTIVE (not ON_BREAK) before a timer can start.
A25: BR-005 | B25: Starting a break pauses any active task timer at the same effective server boundary. | E25: Pass | F25: Code-verified 2026-09-10: breaks.service.ts startBreak() closes any running task timer in the same DB transaction as the break's own creation, using the identical server `now` timestamp for both.
A26: BR-006 | B26: Ending a break does not automatically resume a task without an explicit user action. | E26: Pass | F26: Code-verified 2026-09-10: breaks.service.ts endBreak() only updates the break record and session status - it never touches TaskTimeEntry, so no task resumes automatically.
A27: BR-007 | B27: Clocking out requires any active task timer and active break to be resolved. | E27: Pass | F27: Code-verified 2026-09-10: attendance.service.ts clockOut() returns requiresConfirmation:true with the open break/timer details instead of clocking out, until the caller explicitly confirms - only then does it resolve both, in the same transaction as the clock-out itself.
A28: BR-008 | B28: Net working time = attendance elapsed time - eligible completed break time. | E28: Pass | F28: Covered by AC-012-003-03 (Pass) and time-math.ts - net working time is computed purely from stored timestamps, never a client-supplied duration.
A29: BR-009 | B29: Task time = sum of valid non-overlapping active task segments. | E29: Pass | F29: Covered by EP-006's sign-off (40/40 Pass) and time-math.ts's segment-summation logic.
A30: BR-010 | B30: Unallocated time = net working time - eligible task time. | E30: Pass | F30: Core reconciliation formula, unit-tested in packages/shared/src/time-math.test.ts against the SRS's own worked example (7h30m worked, 6h45m tasked -> 45m unallocated).
A31: BR-011 | B31: Server timestamps are authoritative for online clock/timer actions. | E31: Pass | F31: Covered by AC-012-003-01/04 (Pass) - every clock/timer timestamp is server-generated, never client-supplied.
A32: BR-012 | B32: Approved corrections never destroy the original event history. | E32: Pass | F32: Code-verified: CorrectionsService never deletes the original record - approving a correction updates the target's fields going forward while AuditService.record() persists the full before/after values, and the CorrectionRequest row itself remains as a permanent record of what was proposed and approved.
... A34: BR-014 | B34: The application does not perform covert screenshots, keystroke logging or webcam monitoring. | E34: Pass | F34: Verified by omission, matching the SRS's own Explicitly Out of Scope list: no screenshot, keystroke-logging or webcam code exists anywhere in the codebase.

Sheet Technology Stack
A1: Layer | B1: Recommended Technology | C1: Reason / Implementation Guidance
A2: Frontend | B2: Next.js (React) + TypeScript | C2: Single web application; mature React ecosystem; routing, SSR/SPA flexibility and strong developer productivity.
A3: UI | B3: Tailwind CSS + accessible component library | C3: Consistent responsive UI without a large custom CSS maintenance burden.
A4: Forms/Validation | B4: React Hook Form + Zod | C4: Fast forms with shared schema-style validation and clear error handling.
A5: Data Fetching | B5: TanStack Query | C5: Server-state caching, invalidation and background refresh for dashboards/logs.
A6: Backend | B6: NestJS + TypeScript | C6: Structured modular backend, DI, guards, validation, testing and OpenAPI integration.
A7: API | B7: REST + OpenAPI/Swagger | C7: Simple for web/admin integrations; documentation generated from backend code.
A8: Database | B8: PostgreSQL | C8: Reliable transactional relational database well suited to attendance/time integrity.
A9: ORM | B9: Prisma ORM | C9: Typed data access, migrations and developer productivity; validate concurrency-sensitive operations with explicit transactions/constraints.
A10: Authentication | B10: Secure HttpOnly cookie-based access/refresh tokens or server session pattern | C10: Avoid storing sensitive auth tokens in localStorage; support rotation and revocation.
A11: Password Hashing | B11: Argon2id | C11: Modern password hashing suitable for credential protection.
A12: Live Status | B12: REST polling initially; optional WebSocket/SSE for admin live view | C12: Avoid unnecessary real-time complexity in MVP; timers are derived from server timestamps.
... A19: Monitoring | B19: OpenTelemetry + platform monitoring/Sentry-compatible error tracking | C19: Centralised traces, logs, errors and performance visibility.

Sheet Screen Catalogue
A1: Screen ID | B1: Screen | C1: Delivery Status
A2: SCR-001 | B2: Login | C2: Done
A3: SCR-002 | B3: Registration | C3: Done
A4: SCR-003 | B4: Forgot/Reset Password | C4: Done
A5: SCR-004 | B5: Employee - My Day | C5: Done
A6: SCR-005 | B6: My Attendance History | C6: Done
A7: SCR-006 | B7: Attendance Day Detail / Timeline | C7: Done
A8: SCR-007 | B8: My Tasks | C8: Done
A9: SCR-008 | B9: Task Detail | C9: Done
A10: SCR-009 | B10: My Task Time History | C10: Done
A11: SCR-010 | B11: My Profile | C11: Done
A12: SCR-011 | B12: Admin Dashboard | C12: Done
... A21: SCR-020 | B21: Audit Log | C21: Done

Sheet Traceability
A1: Epic ID | B1: Story ID | C1: SRS AC Count | D1: Tracker AC Count | E1: Story Status | F1: AC Tested | G1: AC Passed | H1: AC Failed | I1: Traceability | J1: QA Completion %
A2: EP-001 | B2: US-001-001 | C2: 4 | D2: =COUNTIF('Acceptance Criteria'!B:B,B2) -> 4 | E2: =VLOOKUP(B2,'User Stories'!A:L,12,FALSE) -> Done | F2: =COUNTIFS('Acceptance Criteria'!B:B,B2,'Acceptance Criteria'!F:F,"<>Not Tested") -> 4 | G2: =COUNTIFS('Acceptance Criteria'!B:B,B2,'Acceptance Criteria'!F:F,"Pass") -> 4 | H2: =COUNTIFS('Acceptance Criteria'!B:B,B2,'Acceptance Criteria'!F:F,"Fail") -> 0 | I2: =IF(C2=D2,"Linked","Mismatch") -> Linked | J2: =IF(C2=0,0,G2/C2) -> 1
A3: EP-001 | B3: US-001-002 | C3: 4 | D3: =COUNTIF('Acceptance Criteria'!B:B,B3) -> 4 | E3: =VLOOKUP(B3,'User Stories'!A:L,12,FALSE) -> Done | F3: =COUNTIFS('Acceptance Criteria'!B:B,B3,'Acceptance Criteria'!F:F,"<>Not Tested") -> 4 | G3: =COUNTIFS('Acceptance Criteria'!B:B,B3,'Acceptance Criteria'!F:F,"Pass") -> 4 | H3: =COUNTIFS('Acceptance Criteria'!B:B,B3,'Acceptance Criteria'!F:F,"Fail") -> 0 | I3: =IF(C3=D3,"Linked","Mismatch") -> Linked | J3: =IF(C3=0,0,G3/C3) -> 1
A4: EP-001 | B4: US-001-003 | C4: 4 | D4: =COUNTIF('Acceptance Criteria'!B:B,B4) -> 4 | E4: =VLOOKUP(B4,'User Stories'!A:L,12,FALSE) -> Done | F4: =COUNTIFS('Acceptance Criteria'!B:B,B4,'Acceptance Criteria'!F:F,"<>Not Tested") -> 4 | G4: =COUNTIFS('Acceptance Criteria'!B:B,B4,'Acceptance Criteria'!F:F,"Pass") -> 4 | H4: =COUNTIFS('Acceptance Criteria'!B:B,B4,'Acceptance Criteria'!F:F,"Fail") -> 0 | I4: =IF(C4=D4,"Linked","Mismatch") -> Linked | J4: =IF(C4=0,0,G4/C4) -> 1
A5: EP-001 | B5: US-001-004 | C5: 4 | D5: =COUNTIF('Acceptance Criteria'!B:B,B5) -> 4 | E5: =VLOOKUP(B5,'User Stories'!A:L,12,FALSE) -> Done | F5: =COUNTIFS('Acceptance Criteria'!B:B,B5,'Acceptance Criteria'!F:F,"<>Not Tested") -> 4 | G5: =COUNTIFS('Acceptance Criteria'!B:B,B5,'Acceptance Criteria'!F:F,"Pass") -> 4 | H5: =COUNTIFS('Acceptance Criteria'!B:B,B5,'Acceptance Criteria'!F:F,"Fail") -> 0 | I5: =IF(C5=D5,"Linked","Mismatch") -> Linked | J5: =IF(C5=0,0,G5/C5) -> 1
A6: EP-001 | B6: US-001-005 | C6: 4 | D6: =COUNTIF('Acceptance Criteria'!B:B,B6) -> 4 | E6: =VLOOKUP(B6,'User Stories'!A:L,12,FALSE) -> Done | F6: =COUNTIFS('Acceptance Criteria'!B:B,B6,'Acceptance Criteria'!F:F,"<>Not Tested") -> 4 | G6: =COUNTIFS('Acceptance Criteria'!B:B,B6,'Acceptance Criteria'!F:F,"Pass") -> 4 | H6: =COUNTIFS('Acceptance Criteria'!B:B,B6,'Acceptance Criteria'!F:F,"Fail") -> 0 | I6: =IF(C6=D6,"Linked","Mismatch") -> Linked | J6: =IF(C6=0,0,G6/C6) -> 1
A7: EP-001 | B7: US-001-006 | C7: 4 | D7: =COUNTIF('Acceptance Criteria'!B:B,B7) -> 4 | E7: =VLOOKUP(B7,'User Stories'!A:L,12,FALSE) -> Done | F7: =COUNTIFS('Acceptance Criteria'!B:B,B7,'Acceptance Criteria'!F:F,"<>Not Tested") -> 4 | G7: =COUNTIFS('Acceptance Criteria'!B:B,B7,'Acceptance Criteria'!F:F,"Pass") -> 4 | H7: =COUNTIFS('Acceptance Criteria'!B:B,B7,'Acceptance Criteria'!F:F,"Fail") -> 0 | I7: =IF(C7=D7,"Linked","Mismatch") -> Linked | J7: =IF(C7=0,0,G7/C7) -> 1
A8: EP-001 | B8: US-001-007 | C8: 4 | D8: =COUNTIF('Acceptance Criteria'!B:B,B8) -> 4 | E8: =VLOOKUP(B8,'User Stories'!A:L,12,FALSE) -> Done | F8: =COUNTIFS('Acceptance Criteria'!B:B,B8,'Acceptance Criteria'!F:F,"<>Not Tested") -> 4 | G8: =COUNTIFS('Acceptance Criteria'!B:B,B8,'Acceptance Criteria'!F:F,"Pass") -> 4 | H8: =COUNTIFS('Acceptance Criteria'!B:B,B8,'Acceptance Criteria'!F:F,"Fail") -> 0 | I8: =IF(C8=D8,"Linked","Mismatch") -> Linked | J8: =IF(C8=0,0,G8/C8) -> 1
A9: EP-002 | B9: US-002-001 | C9: 4 | D9: =COUNTIF('Acceptance Criteria'!B:B,B9) -> 4 | E9: =VLOOKUP(B9,'User Stories'!A:L,12,FALSE) -> Done | F9: =COUNTIFS('Acceptance Criteria'!B:B,B9,'Acceptance Criteria'!F:F,"<>Not Tested") -> 4 | G9: =COUNTIFS('Acceptance Criteria'!B:B,B9,'Acceptance Criteria'!F:F,"Pass") -> 4 | H9: =COUNTIFS('Acceptance Criteria'!B:B,B9,'Acceptance Criteria'!F:F,"Fail") -> 0 | I9: =IF(C9=D9,"Linked","Mismatch") -> Linked | J9: =IF(C9=0,0,G9/C9) -> 1
A10: EP-002 | B10: US-002-002 | C10: 4 | D10: =COUNTIF('Acceptance Criteria'!B:B,B10) -> 4 | E10: =VLOOKUP(B10,'User Stories'!A:L,12,FALSE) -> Done | F10: =COUNTIFS('Acceptance Criteria'!B:B,B10,'Acceptance Criteria'!F:F,"<>Not Tested") -> 4 | G10: =COUNTIFS('Acceptance Criteria'!B:B,B10,'Acceptance Criteria'!F:F,"Pass") -> 4 | H10: =COUNTIFS('Acceptance Criteria'!B:B,B10,'Acceptance Criteria'!F:F,"Fail") -> 0 | I10: =IF(C10=D10,"Linked","Mismatch") -> Linked | J10: =IF(C10=0,0,G10/C10) -> 1
A11: EP-002 | B11: US-002-003 | C11: 4 | D11: =COUNTIF('Acceptance Criteria'!B:B,B11) -> 4 | E11: =VLOOKUP(B11,'User Stories'!A:L,12,FALSE) -> Done | F11: =COUNTIFS('Acceptance Criteria'!B:B,B11,'Acceptance Criteria'!F:F,"<>Not Tested") -> 4 | G11: =COUNTIFS('Acceptance Criteria'!B:B,B11,'Acceptance Criteria'!F:F,"Pass") -> 4 | H11: =COUNTIFS('Acceptance Criteria'!B:B,B11,'Acceptance Criteria'!F:F,"Fail") -> 0 | I11: =IF(C11=D11,"Linked","Mismatch") -> Linked | J11: =IF(C11=0,0,G11/C11) -> 1
A12: EP-002 | B12: US-002-004 | C12: 4 | D12: =COUNTIF('Acceptance Criteria'!B:B,B12) -> 4 | E12: =VLOOKUP(B12,'User Stories'!A:L,12,FALSE) -> Done | F12: =COUNTIFS('Acceptance Criteria'!B:B,B12,'Acceptance Criteria'!F:F,"<>Not Tested") -> 4 | G12: =COUNTIFS('Acceptance Criteria'!B:B,B12,'Acceptance Criteria'!F:F,"Pass") -> 4 | H12: =COUNTIFS('Acceptance Criteria'!B:B,B12,'Acceptance Criteria'!F:F,"Fail") -> 0 | I12: =IF(C12=D12,"Linked","Mismatch") -> Linked | J12: =IF(C12=0,0,G12/C12) -> 1
A13: EP-002 | B13: US-002-005 | C13: 4 | D13: =COUNTIF('Acceptance Criteria'!B:B,B13) -> 4 | E13: =VLOOKUP(B13,'User Stories'!A:L,12,FALSE) -> Done | F13: =COUNTIFS('Acceptance Criteria'!B:B,B13,'Acceptance Criteria'!F:F,"<>Not Tested") -> 4 | G13: =COUNTIFS('Acceptance Criteria'!B:B,B13,'Acceptance Criteria'!F:F,"Pass") -> 4 | H13: =COUNTIFS('Acceptance Criteria'!B:B,B13,'Acceptance Criteria'!F:F,"Fail") -> 0 | I13: =IF(C13=D13,"Linked","Mismatch") -> Linked | J13: =IF(C13=0,0,G13/C13) -> 1
... A76: EP-012 | B76: US-012-006 | C76: 4 | D76: =COUNTIF('Acceptance Criteria'!B:B,B76) -> 4 | E76: =VLOOKUP(B76,'User Stories'!A:L,12,FALSE) -> Done | F76: =COUNTIFS('Acceptance Criteria'!B:B,B76,'Acceptance Criteria'!F:F,"<>Not Tested") -> 4 | G76: =COUNTIFS('Acceptance Criteria'!B:B,B76,'Acceptance Criteria'!F:F,"Pass") -> 4 | H76: =COUNTIFS('Acceptance Criteria'!B:B,B76,'Acceptance Criteria'!F:F,"Fail") -> 0 | I76: =IF(C76=D76,"Linked","Mismatch") -> Linked | J76: =IF(C76=0,0,G76/C76) -> 1

Sheet Risks & Decisions
A1: Risk ID | B1: Risk | C1: Impact | D1: Likelihood | E1: Mitigation | F1: Owner | G1: Status | H1: Decision / Dependency | I1: Notes
A2: RISK-001 | B2: Timer/attendance race conditions | C2: High | D2: Medium | E2: Use database constraints, transactions and idempotent endpoints for active clock/timer operations. | F2: Amaan | G2: Mitigating | I2: Postgres partial unique indexes enforce one active attendance session and one active task timer per user at the DB level, not just in application code; verified by e2e tests.
A3: RISK-002 | B3: Users forget to stop timers | C3: Medium | D3: High | E3: Long-running timer reminders, daily reconciliation and correction workflow. | F3: Amaan | G3: Mitigating | I3: EP-011's long-running-timer reminder (configurable threshold + cooldown) and missing-clock-out reminder now exist and are live in production - the exact mitigation this risk called for. Kept at Mitigating rather than Closed since a reminder reduces but doesn't eliminate the chance of a forgotten timer/clock-out.
A4: RISK-003 | B4: Browser/client clock manipulation | C4: High | D4: Medium | E4: Use server timestamps for official records; browser only displays derived elapsed time. | F4: Amaan | G4: Mitigating | I4: All official clock/timer timestamps are generated server-side; the browser only ever displays a derived elapsed time.
A5: RISK-004 | B5: Over-scoping into HR/project management | C5: High | D5: Medium | E5: Keep MVP limited to registration, attendance, breaks, task list, task timer, admin and reporting. | F5: Amaan | G5: Mitigating | I5: Confirmed 2026-09-09 against the SRS's own Section 2.2 Explicitly Out of Scope list: multi-tenancy, payroll, leave/holiday management, shift/rota management, calendar/diary, a full CRM/project-management suite, white-labelling, AI features and employee surveillance (screenshots/webcam/keystroke logging) - none of these exist anywhere in the delivered app. Scope stayed within the 12 epics/300 ACs the SRS actually defines.
A6: RISK-005 | B6: Audit trail weakened by direct edits | C6: High | D6: Low | E6: Corrections preserve originals and require reason/actor/time. | F6: Amaan | G6: Mitigating | I6: Corrections never overwrite the live record until approved, and every correction/direct-edit is captured in the audit log with before/after values.
A7: RISK-006 | B7: Sensitive workforce data exposure | C7: High | D7: Low | E7: RBAC, HTTPS, secure sessions, least privilege and privacy-conscious logging. | F7: Amaan | G7: Mitigating | I7: Live-verified across this sign-off effort: RBAC blocks 7 representative admin-only endpoints for a real employee session (403) and anonymous requests (401); API ingress enforces HTTPS (allowInsecure=false); auth uses HttpOnly, Secure, SameSite=None JWT cookies, never localStorage; structured logging redacts cookies/authorization/password fields and never captures request bodies by default (see NFR-003/NFR-004/NFR-012).
A8: RISK-007 | B8: Write-path API latency under a synchronized concurrent burst (e.g. real shift-start rush) | C8: Low | D8: Medium | E8: Increase Container App CPU/memory allocation; move Postgres off Burstable (Standard_B1ms) to a General Purpose tier before onboarding a real multi-employee organisation. | F8: Amaan | G8: Mitigating | I8: Initial test (2026-09-08) found clock-in and task-creation exceeding p95<500ms under a 12-concurrent lockstep write test; infra bumped (API 1.0 vCPU, Postgres B2s) which helped substantially but did not fully close the gap. A follow-up isolated-endpoint test the same day found all 4 write endpoints actually pass p95<500ms once measured without the lockstep test-harness artifact (all 12 workers hitting clock-in/task-create as their synchronized first two steps). Corrected conclusion: current infra is sufficient for the defined reference load. Kept open at Low/Mitigating rather than closed, since a genuine synchronized shift-start rush is a real scenario worth re-testing once a real organisation is onboarded. Full detail in docs/PERFORMANCE.md.
A9: RISK-008 | B9: Next.js runtime dependency (pinned 14.2.35) carries known critical vulnerabilities, including an unauthenticated RCE in the Image Optimization API and one specific to Windows-hosted servers. | C9: High | D9: Low | E9: Confirmed the app does not use next/image or the built-in Image Optimization route anywhere in its own code, and deploys as a Linux container (node:20-alpine on Azure Container Apps), so the Windows-specific CVE does not apply to this deployment. The only real fix is a Next.js 14->15 major-version migration (breaking API changes) - deliberately deferred rather than rushed into a live, already-verified app. GitHub Dependabot alerts and automated security fixes were enabled 2026-09-10 for ongoing visibility. | F9: Amaan | G9: Closed | I9: Full first-patched version for both critical CVEs is 15.5.24 - there is no 14.x patch. 30 additional 'high' Dependabot findings exist (multer, js-yaml, postcss, lodash, more Next.js SSRF/DoS advisories); multer is a transitive dependency never wired to a route in this app's own code. | RESOLVED 2026-09-11: upgraded next 14.2.35 -> 16.3.4 (15.x has no further stable releases; 16.3.4 is the actual current fix). By the time this was tackled, npm audit showed 24 next advisories, not just the original 2 critical - both critical RCEs (GHSA-p293-qw3h-jr36 Windows path traversal, GHSA-2xp9-vwfh-vxw4 AVIF image-optimizer RCE) plus everything else; after the upgrade, next no longer appears in npm audit at all. Confirmed via grep before starting that this app has no server-side cookies()/headers()/params/searchParams usage, no middleware, no next/image, no parallel routes - so the Next 15/16 async-request-API breaking changes don't apply here. Stayed on React 18.3.1 (already installed, satisfies Next 16's peer minimum) rather than also taking on an unnecessary React 19 migration. eslint-config-next@16 required migrating apps/web to ESLint 9 flat config (eslint.config.mjs); disabled one new stricter lint rule (react-hooks/set-state-in-effect) for two pre-existing legitimate effect uses it now flags, not a behavior change. Verified: CI green (build-and-test, docker-build, real Playwright browser E2E), deployed to Staging first and live-verified there (login, real clock-in/clock-out write path, Reports page), then deployed to production and re-verified live there the same way, plus a clean browser console.
A10: RISK-009 | B10: Password-reset (and all other) emails are undeliverable in production for any real user other than the Resend account's own verified address, because EMAIL_FROM is still Resend's shared sandbox domain (onboarding@resend.dev) and no custom domain has been verified. | C10: High | D10: High | E10: No workaround exists in production by design - devResetToken (which bypasses email entirely) is deliberately never exposed outside NODE_ENV!=production, since exposing a raw reset token in an API response would itself be a security defect. The only real fix is verifying a custom domain in Resend (a few DNS records, no code change) or, alternatively, an admin can manually reset a user's password via the User Detail screen as a fallback in the meantime. | F10: Amaan | G10: Closed | H10: Needs Amaan to provide a domain to verify in Resend, or explicitly accept this gap for the initial delivery. | RESOLVED 2026-09-12: Amaan chose Azure Communication Services (ACS) Email over verifying a custom Resend domain - an Azure-native alternative needing zero DNS setup. | I10: Confirmed live 2026-09-10 via a real forgot-password request against production and the resulting Azure Log Analytics entry: "Resend rejected email to employee@atms.app ... You can only send testing emails to your own email address (rasheeed0020@gmail.com)". This is a currently-active broken flow, not a latent/theoretical risk - the highest-priority item in this sheet as a result. Also affects EP-011's reminder emails, though those are lower-severity since notificationsEmailEnabled defaults to false and in-app notifications remain fully functional regardless. | Implemented and live-verified 2026-09-12. Provisioned an ACS Email Communication Service (atms-email) with an Azure Managed Domain (auto-verified, zero DNS records) and a linked Communication Services resource (atms-communication) holding the connection string. Rewrote EmailService (apps/api/src/common/services/email.service.ts) to use @azure/communication-email's EmailClient.beginSend() poller pattern, explicitly checking KnownEmailSendStatus.Succeeded rather than assuming success - same rigor as the Resend code it replaced. Real bug hit and fixed live during the cutover: ACS's senderAddress is a bare email address, not the "Display Name <addr>" form Resend accepted - the first live send failed with RestError: Request body validation error. See property 'senderAddress', fixed by changing EMAIL_FROM to a bare address on both environments. Live end-to-end verification: registered a fresh test account with a real external inbox on both staging and production, triggered a real forgot-password request on each, and confirmed delivery both via the Container App logs (real ACS operationIds, no errors) and by checking the actual inbox - both emails arrived. Azure Managed Domain has no recipient restriction (unlike Resend's sandbox), rate-limited instead at 5/min, 10/hour on the free tier. Old RESEND_API_KEY/resend-api-key secret removed from both Container Apps; resend npm dependency removed from apps/api/package.json. Documented in docs/DEPLOYMENT.md ('Email delivery' section); README's Known Limitations bullet for this removed.
A11: RISK-010 | B11: No automated Playwright browser end-to-end tests exist, despite the SRS explicitly naming Playwright twice (Testing Strategy §14, Technology Stack §15) for the Register→Login→Clock In→Task→Break→Switch→Clock Out critical path. | C11: Medium | D11: High | E11: Critical workflows have been extensively manually verified live against the deployed app throughout this effort (real browser, real data, repeated across every epic), and CI runs real API-level e2e tests against a real Postgres instance - so the underlying behaviour is genuinely proven, just not via the specific automated tool the SRS names. Adding Playwright coverage for the two named critical flows (employee path, admin path) closes this properly. | F11: Amaan | G11: Closed | H11: Scope confirmed with Amaan; not yet started. | I11: Confirmed 2026-09-10 via direct SRS text search (§14/§15) and repo inspection: apps/web/package.json has no Playwright dependency and no test:e2e script, despite the root package.json's test:e2e delegating to it. | Closed 2026-09-11: added apps/web/e2e/employee-critical-path.spec.ts (the SRS-named flow verbatim) and admin-flow.spec.ts (the SRS administrator workflow), plus a new playwright-e2e CI job (its own Postgres, full build/migrate/seed, starts both servers for real). First CI attempt genuinely failed - not a local-only pass rubber-stamped as done - root cause was NODE_ENV=production at job level making npm ci skip devDependencies (349 packages installed vs the normal ~1155), breaking the shared package build entirely unrelated to Playwright itself. Fixed by scoping NODE_ENV=production to only the two steps that run the built servers. Re-ran in real CI and confirmed from the raw job log: "Running 2 tests using 1 worker" / "2 passed (5.2s)" - both flows genuinely pass against a freshly built stack in CI, not just locally.
A12: RISK-011 | B12: Timezone/daylight-saving-time edge cases are not explicitly tested, despite the SRS Testing Strategy (§14) separately naming "Time-zone and daylight-saving tests" as its own category. | C12: Low | D12: Low | E12: All timestamps are stored as Postgres timestamptz and always serialized via toISOString() (UTC) - architecturally this makes DST-boundary bugs structurally unlikely, and AC-012-003-04 already code-verifies UTC storage/serialization correctness. What's missing is a test that specifically exercises a real DST spring-forward/fall-back transition, not the underlying design. | F12: Amaan | G12: Closed | I12: Confirmed 2026-09-10: the only related tracked item (AC-012-003-04) covers UTC serialization correctness, not a DST-boundary scenario specifically. | Closed 2026-09-10: added two real tests exercising actual US DST transitions (2026-11-01 fall-back, 2026-03-08 spring-forward) to packages/shared/src/time-math.test.ts, both passing.
A13: RISK-012 | B13: No separate Staging environment exists, despite the SRS (§15 Deployment and Operations) explicitly requiring "Environment separation: Development, Test/QA, Staging and Production." | C13: Medium | D13: Medium | E13: Currently: local Development, CI's ephemeral test database (Test/QA-equivalent), and one single Azure environment that serves as both Staging and Production at once - the same environment this whole sign-off effort tested live against. A real Staging tier would need its own Container Apps environment/database, doubling Azure cost for this delivery. | F13: Amaan | G13: Closed | H13: Needs Amaan's call on whether a 4th environment is warranted for this delivery's scale. | RESOLVED 2026-09-11: Amaan chose a full mirror of production (same specs, not scaled-down) for Staging, with genuine resource separation elsewhere once a hard platform limit was hit. | I13: Confirmed 2026-09-10 via direct SRS text search (§15) and cross-check against actual Azure resources (atms-rg contains exactly one Container Apps environment). | Implemented and live-verified 2026-09-11. Provisioned via new infra/staging.bicep + .github/workflows/deploy-staging.yml (workflow_dispatch only, separate trigger from production's deploy.yml). Staging has its own ACR, its own Postgres Flexible Server (Standard_B2s, 7-day backups), its own least-privilege atms_app DB role, its own JWT secrets, and its own generated (non-default) seed credentials. Both Container Apps run at production specs (minReplicas:1, same CPU/memory). Real platform constraint discovered live: this Azure subscription allows exactly one Container Apps managed environment total - confirmed via two failed deployment attempts (MaxNumberOfRegionalEnvironmentsInSubExceeded in centralus, then MaxNumberOfGlobalEnvironmentsInSubExceeded in eastus). Resolved by having staging's 2 Container Apps join the EXISTING production managed environment via a Bicep 'existing' cross-resource-group reference, while keeping registry, database, secrets, and images fully independent - a bad staging deploy cannot touch production data or containers. Live end-to-end verification: logged in via real browser as the staging seed admin, ran a real clock-in/clock-out through the browser session (200/200), and confirmed the resulting row appeared correctly on the staging Reports page; admin Audit Log page also confirmed rendering correctly (empty, as expected - clock actions aren't audited events). Documented in docs/DEPLOYMENT.md ('Staging environment' section) and README.md ('Live demo' section).
A14: RISK-013 | B14: The generated OpenAPI/Swagger spec is never validated in CI, despite the SRS (§12 API Requirements) explicitly requiring it be "generated from backend source annotations/decorators and validated in CI." | C14: Low | D14: Medium | E14: The spec itself is real and live (confirmed 2026-09-10: GET /api/docs-json returns 200 with 47 documented paths against the live API) - generation works. Validation (e.g. a CI step that builds the spec and lints/diffs it) simply doesn't exist yet; a missing or broken annotation could currently ship without CI ever catching it. | F14: Amaan | G14: Closed | I14: Confirmed 2026-09-10: grepped .github/workflows/ci.yml for any openapi/swagger reference - none found. | Closed 2026-09-10: added apps/api/test/openapi.e2e-spec.ts, verified passing in real CI (not just locally) against a live Postgres instance - PASS test/openapi.e2e-spec.ts, 31/31 tests total in that run.
A15: RISK-014 | B15: The API connects to production Postgres using the database server's own admin login, not a scoped least-privilege application role, despite the SRS (§10 Security Requirements) explicitly requiring "least-privilege database credentials." | C15: High | D15: Low | E15: Managed secret storage is correctly in place (Container App secrets, not committed anywhere). The missing half is a dedicated, restricted DB role for the application itself - no CREATE ROLE/GRANT statements exist anywhere in the migrations or infra/main.bicep. If the API were ever compromised (e.g. via a future SQL-handling bug), it currently has full database-server admin rights, not just rights scoped to its own schema. | F15: Amaan | G15: Closed | H15: Needs a migration/infra change: create a scoped Postgres role, grant it only the app's own schema, switch DATABASE_URL to it. | I15: Confirmed 2026-09-10: no role-creation or GRANT statements found anywhere in apps/api/prisma/migrations or infra/main.bicep; the app almost certainly runs as the server's administratorLogin (atmsadmin) for all database access. | Closed 2026-09-11: created a new Postgres role atms_app (rolsuper=false, rolcreaterole=false, rolcreatedb=false, rolcanlogin=true) with only SELECT/INSERT/UPDATE/DELETE on the public schema's tables and USAGE/SELECT on its sequences (52 grant rows total, matching 13 tables x 4 DML privileges) - no DDL, no role/db management, no access to any other database. Switched the API Container App's database-url secret to connect as this role instead of the server admin login, restarted the revision, and verified live: GET /ready (real DB connectivity check) returns 200, and a full login + clock-in + clock-out cycle against production succeeds end-to-end on the new role. The admin login (atmsadmin) is now used only for migrations, not runtime traffic - if the API were ever compromised it would have read/write access to its own data only, not database-server admin rights. Amaan added the temporary firewall rule via the Azure Portal himself; both the admin password (reset as part of this change, since it could not be retrieved) and the new role's password were rotated and never persisted anywhere outside the Container App secret.
A16: RISK-015 | B16: No distinct read-only "Auditor" role exists, despite the SRS naming it as a full stakeholder persona (§3: "Read authorised attendance/task/audit reports without editing operational records") and giving it a dedicated Must-Have/MVP user story (US-009-005, Persona: Auditor). | C16: Medium | D16: Low | E16: UserRole currently defines only EMPLOYEE and ADMINISTRATOR (packages/shared/src/enums.ts) - no read-only tier. The 4 specific ACs under US-009-005 (audit captures actor/action/timestamp, employees can't edit it, filterable, secrets never logged) are all genuinely satisfied via admin-gated access, so no AC actually fails - this is a role-granularity gap, not a broken feature. Anyone needing to view reports/audit without write access currently has to be given full Administrator rights. | F16: Amaan | G16: Closed | H16: Needs Amaan's call on whether a 3rd role is worth adding for this delivery, given the underlying ACs already pass. | I16: Confirmed 2026-09-10 via direct SRS text search (§3 Stakeholders, US-009-005) and the actual UserRole enum in code - only 2 values exist. | Closed 2026-09-11: added UserRole.AUDITOR (migration 20260911050000_add_auditor_role) and a new AuditorScopeGuard, default-denying AUDITOR on every route except ones explicitly marked @AuditorAllowed() (reports, audit log, live attendance, user list for the reports filter, own profile). Proved both halves live in a new auditor-role.e2e-spec.ts (14 tests): the allowed surfaces genuinely work, every write endpoint genuinely 403s. Also fixed two real UX gaps found by actually logging in as an Auditor through the browser, not assumed: login/root unconditionally redirected everyone to /my-day (a dead end for a role with no attendance of its own) - now routes Auditor to /admin/reports; /admin/users showed fully-interactive edit controls that would 403 if used - now shows read-only values for non-Administrators. Confirmed in real CI (run #115): 45/45 API e2e tests pass together (including a genuine cross-file Jest test-isolation race this work surfaced and fixed via maxWorkers:1, unrelated to Auditor itself but a real latent bug), 2/2 Playwright tests pass, docker-build succeeds. Not yet deployed to production - the enum migration needs applying to the live database before this is usable there. | Deployed to production 2026-09-11: migration applied live, deploy workflow run (#34) succeeded, and re-verified end-to-end against the real deployed app with a real disposable test account - AUDITOR role selectable in the real admin Create User form, login correctly routes straight to /admin/reports, nav shows exactly Live Attendance/Reports/Audit Log/Profile, and direct API calls confirm POST /attendance/clock-in -> 403 while GET /audit and GET /reports/attendance -> 200. Test account deactivated after verification.
A17: RISK-016 | B17: Definition of Ready (SRS §17.1: "Dependencies resolved or explicitly tracked") is not met at the tracker level - the User Stories sheet has a dedicated Dependencies column that is blank for all 75 stories, not just some. | C17: Low | D17: Medium | E17: In practice, stories within an epic were largely built and tested in order without hard cross-epic blocking (e.g. EP-011's notifications genuinely depended on EP-005/EP-009 existing first, and were built after them) - so there's no evidence of an actual unmanaged dependency causing a real problem. The gap is specifically that this was never written down anywhere, which is what the DoR criterion asks for ("resolved OR explicitly tracked" - blank satisfies neither). | F17: Amaan | G17: Closed | H17: Would need someone to go through all 75 stories and record real cross-story dependencies (e.g. US-011-001 depends on EP-005's task-assignment flow existing) - straightforward but not yet done. | I17: Confirmed 2026-09-11: 75 of 75 User Stories rows have a blank Dependencies column (checked directly against the live tracker file, not assumed). | RESOLVED 2026-09-11: filled the Dependencies column for all 75 User Stories with real functional/workflow dependencies derived directly from the SRS's own described sequences - e.g. US-003-001 (Clock in) depends on US-001-003 (Login) + US-002-005 (must be Active); US-006-001 (Start task timer) depends on US-003-001 (must be clocked in) + US-005-003 (task must be assigned/eligible); US-009-005 (Audit log) depends on every auditable action across EP-002/EP-009. Cross-epic dependencies (the ones actually worth surfacing for planning) were deliberately prioritised over restating same-epic ordering. 9 genuinely foundational/infrastructure stories (US-001-001, US-012-004/005/006, etc.) are correctly marked 'None'. Verified the resulting graph programmatically: no cycles, no dangling references to a non-existent Story ID, all 75 rows non-blank.
A18: RISK-017 | B18: Definition of Done (SRS §17.2: "No unresolved Critical/High security defect") is not strictly true right now, given the 4 Critical + 30 High Dependabot findings tracked under RISK-008 (the unpatched Next.js CVEs and their related dependency chain). | C18: Medium | D18: High | E18: Real-world exposure was already assessed as low under RISK-008 (the vulnerable Next.js feature isn't used anywhere in this app's own code, and the Windows-specific CVE doesn't apply to this Linux container deployment) and the fix (a Next.js 14->15 migration) is deliberately deferred rather than rushed into an already-verified live app. This risk exists specifically to make that DoD conflict visible on its own, rather than leaving it as a sentence buried inside a different risk's evidence text - every epic in this tracker is marked Done, and under a literal reading of the SRS's own exit criteria, none of them strictly qualify while this remains open. | F18: Amaan | G18: Closed | H18: Resolves automatically once RISK-008 is closed (the Next.js migration, or another fix for the underlying CVEs) - no separate action needed beyond that. | I18: Confirmed 2026-09-11: GitHub Dependabot currently reports 4 critical, 30 high, 38 moderate, 9 low open findings on the default branch (checked live, not assumed). Directly cross-referenced against the SRS's own SS17.2 wording, which was previously only noted as a caveat inside RISK-008 rather than tracked as its own item. | RESOLVED 2026-09-11: closes automatically now that RISK-008 is closed - next no longer appears in npm audit at all post-upgrade, removing the specific finding this risk was tracking against the SRS's DoD wording.

Sheet Release Plan
A1: Release | B1: Goal | C1: Epic Scope | D1: Entry Gate | E1: Exit Gate | F1: Status
A2: MVP | B2: Deliver usable production baseline | C2: EP-001 to EP-010 and EP-012 | D2: SRS approved; schema/UX/security baseline ready | E2: MVP stories accepted; security, concurrency, backup and deployment gates passed | F2: In Progress
A3: R1 | B3: Add reminders and production-led refinements | C3: EP-011 + approved carry-over improvements | D3: MVP stable with production telemetry | E3: R1 AC passed and no blocking regression | F3: Not Started
A4: Later | B4: Evidence-driven expansion only | C4: Native mobile / SSO / richer live updates / external integrations if justified | D4: Business case and production evidence | E4: Feature-specific readiness criteria | F4: Planned

Sheet Dashboard
A1: Attendance & Task Management - Delivery Dashboard
A3: Baseline Metric | B3: Value | D3: Story Status | E3: Count | G3: Release | H3: Stories
A4: Epics | B4: 12 | D4: Not Started | E4: =COUNTIF('User Stories'!L:L,"Not Started") -> 0 | G4: MVP | H4: =COUNTIF('User Stories'!J:J,"MVP") -> 71
A5: User Stories | B5: 75 | D5: In Progress | E5: =COUNTIF('User Stories'!L:L,"In Progress") -> 0 | G5: R1 | H5: =COUNTIF('User Stories'!J:J,"R1") -> 4
A6: Acceptance Criteria | B6: 300 | D6: In Review | E6: =COUNTIF('User Stories'!L:L,"In Review") -> 0 | G6: Later | H6: =COUNTIF('User Stories'!J:J,"Later") -> 0
A7: NFRs | B7: 16 | D7: Blocked | E7: =COUNTIF('User Stories'!L:L,"Blocked") -> 0
A8: Business Rules | B8: 14 | D8: Done | E8: =COUNTIF('User Stories'!L:L,"Done") -> 75
A9: Screens | B9: 20 | D9: Deferred | E9: =COUNTIF('User Stories'!L:L,"Deferred") -> 0
A12: Quality / Delivery KPI | B12: Value
A13: Stories Done % | B13: =IFERROR(COUNTIF('User Stories'!L:L,"Done")/(COUNTA('User Stories'!A:A)-1),0) -> 1
A14: AC Pass % | B14: =IFERROR(COUNTIF('Acceptance Criteria'!F:F,"Pass")/(COUNTA('Acceptance Criteria'!A:A)-1),0) -> 1
A15: AC Failed | B15: =COUNTIF('Acceptance Criteria'!F:F,"Fail") -> 0
A16: Blocked Stories | B16: =COUNTIF('User Stories'!L:L,"Blocked") -> 0
A17: Traceability Coverage | B17: =IFERROR(COUNTIF(Traceability!I:I,"Linked")/(COUNTA(Traceability!B:B)-1),0) -> 1
A18: Open Risks | B18: =COUNTIF('Risks & Decisions'!G:G,"Open") -> 0
